la_code,la_name,tot,tot_new,tot_old,year
E06000001,Hartlepool,14,3,11,2016
E06000001,Hartlepool,15,3,12,2017
E06000001,Hartlepool,15,3,12,2018
E06000001,Hartlepool,16,4,12,2019
E06000001,Hartlepool,16,4,12,2020
E06000001,Hartlepool,18,4,14,2021
E06000001,Hartlepool,19,4,15,2022
E06000001,Hartlepool,22,4,18,2023
E06000002,Middlesbrough,28,5,23,2016
E06000002,Middlesbrough,29,5,24,2017
E06000002,Middlesbrough,29,5,24,2018
E06000002,Middlesbrough,29,5,24,2019
E06000002,Middlesbrough,27,5,22,2020
E06000002,Middlesbrough,28,5,23,2021
E06000002,Middlesbrough,29,5,24,2022
E06000002,Middlesbrough,31,5,26,2023
E06000003,Redcar and Cleveland,26,3,23,2016
E06000003,Redcar and Cleveland,26,3,23,2017
E06000003,Redcar and Cleveland,27,3,24,2018
E06000003,Redcar and Cleveland,28,4,24,2019
E06000003,Redcar and Cleveland,29,5,24,2020
E06000003,Redcar and Cleveland,28,5,23,2021
E06000003,Redcar and Cleveland,30,5,25,2022
E06000003,Redcar and Cleveland,33,5,28,2023
E06000004,Stockton-on-Tees,32,6,26,2016
E06000004,Stockton-on-Tees,32,6,26,2017
E06000004,Stockton-on-Tees,32,8,24,2018
E06000004,Stockton-on-Tees,32,8,24,2019
E06000004,Stockton-on-Tees,33,8,25,2020
E06000004,Stockton-on-Tees,35,9,26,2021
E06000004,Stockton-on-Tees,35,9,26,2022
E06000004,Stockton-on-Tees,40,11,29,2023
E06000005,Darlington,14,2,12,2016
E06000005,Darlington,17,3,14,2017
E06000005,Darlington,17,4,13,2018
E06000005,Darlington,18,4,14,2019
E06000005,Darlington,17,4,13,2020
E06000005,Darlington,18,4,14,2021
E06000005,Darlington,19,4,15,2022
E06000005,Darlington,22,5,17,2023
E06000006,Halton,11,3,8,2016
E06000006,Halton,11,3,8,2017
E06000006,Halton,11,3,8,2018
E06000006,Halton,12,4,8,2019
E06000006,Halton,14,5,9,2020
E06000006,Halton,14,5,9,2021
E06000006,Halton,14,5,9,2022
E06000006,Halton,16,5,11,2023
E06000007,Warrington,25,6,19,2016
E06000007,Warrington,27,7,20,2017
E06000007,Warrington,27,7,20,2018
E06000007,Warrington,27,7,20,2019
E06000007,Warrington,29,7,22,2020
E06000007,Warrington,32,7,25,2021
E06000007,Warrington,35,7,28,2022
E06000007,Warrington,40,9,31,2023
E06000008,Blackburn with Darwen,16,4,12,2016
E06000008,Blackburn with Darwen,18,4,14,2017
E06000008,Blackburn with Darwen,16,4,12,2018
E06000008,Blackburn with Darwen,16,4,12,2019
E06000008,Blackburn with Darwen,19,5,14,2020
E06000008,Blackburn with Darwen,20,5,15,2021
E06000008,Blackburn with Darwen,20,5,15,2022
E06000008,Blackburn with Darwen,20,5,15,2023
E06000009,Blackpool,26,5,21,2016
E06000009,Blackpool,25,5,20,2017
E06000009,Blackpool,25,5,20,2018
E06000009,Blackpool,25,5,20,2019
E06000009,Blackpool,28,5,23,2020
E06000009,Blackpool,27,5,22,2021
E06000009,Blackpool,28,5,23,2022
E06000009,Blackpool,32,5,27,2023
E06000010,"Kingston upon Hull, City of",49,8,41,2016
E06000010,"Kingston upon Hull, City of",50,8,42,2017
E06000010,"Kingston upon Hull, City of",48,7,41,2018
E06000010,"Kingston upon Hull, City of",48,7,41,2019
E06000010,"Kingston upon Hull, City of",46,8,38,2020
E06000010,"Kingston upon Hull, City of",47,7,40,2021
E06000010,"Kingston upon Hull, City of",47,7,40,2022
E06000010,"Kingston upon Hull, City of",52,7,45,2023
E06000011,East Riding of Yorkshire,39,8,31,2016
E06000011,East Riding of Yorkshire,40,8,32,2017
E06000011,East Riding of Yorkshire,39,9,30,2018
E06000011,East Riding of Yorkshire,39,9,30,2019
E06000011,East Riding of Yorkshire,42,10,32,2020
E06000011,East Riding of Yorkshire,45,11,34,2021
E06000011,East Riding of Yorkshire,49,12,37,2022
E06000011,East Riding of Yorkshire,54,12,42,2023
E06000012,North East Lincolnshire,21,5,16,2016
E06000012,North East Lincolnshire,20,5,15,2017
E06000012,North East Lincolnshire,21,5,16,2018
E06000012,North East Lincolnshire,21,5,16,2019
E06000012,North East Lincolnshire,21,5,16,2020
E06000012,North East Lincolnshire,22,5,17,2021
E06000012,North East Lincolnshire,24,6,18,2022
E06000012,North East Lincolnshire,27,6,21,2023
E06000013,North Lincolnshire,19,5,14,2016
E06000013,North Lincolnshire,19,5,14,2017
E06000013,North Lincolnshire,19,5,14,2018
E06000013,North Lincolnshire,20,6,14,2019
E06000013,North Lincolnshire,23,7,16,2020
E06000013,North Lincolnshire,24,8,16,2021
E06000013,North Lincolnshire,24,8,16,2022
E06000013,North Lincolnshire,27,8,19,2023
E06000014,York,34,3,31,2016
E06000014,York,33,3,30,2017
E06000014,York,34,4,30,2018
E06000014,York,35,4,31,2019
E06000014,York,36,5,31,2020
E06000014,York,39,5,34,2021
E06000014,York,41,5,36,2022
E06000014,York,44,5,39,2023
E06000015,Derby,30,6,24,2016
E06000015,Derby,31,6,25,2017
E06000015,Derby,32,7,25,2018
E06000015,Derby,32,7,25,2019
E06000015,Derby,35,8,27,2020
E06000015,Derby,36,9,27,2021
E06000015,Derby,42,12,30,2022
E06000015,Derby,46,12,34,2023
E06000016,Leicester,38,7,31,2016
E06000016,Leicester,41,9,32,2017
E06000016,Leicester,42,10,32,2018
E06000016,Leicester,42,10,32,2019
E06000016,Leicester,43,10,33,2020
E06000016,Leicester,44,11,33,2021
E06000016,Leicester,47,11,36,2022
E06000016,Leicester,50,11,39,2023
E06000017,Rutland,1,0,1,2016
E06000017,Rutland,2,1,1,2017
E06000017,Rutland,3,2,1,2018
E06000017,Rutland,3,2,1,2019
E06000017,Rutland,3,2,1,2020
E06000017,Rutland,3,2,1,2021
E06000017,Rutland,3,2,1,2022
E06000017,Rutland,3,2,1,2023
E06000018,Nottingham,46,8,38,2016
E06000018,Nottingham,47,9,38,2017
E06000018,Nottingham,48,11,37,2018
E06000018,Nottingham,48,12,36,2019
E06000018,Nottingham,51,15,36,2020
E06000018,Nottingham,52,15,37,2021
E06000018,Nottingham,51,15,36,2022
E06000018,Nottingham,55,15,40,2023
E06000019,"Herefordshire, County of",18,4,14,2016
E06000019,"Herefordshire, County of",18,4,14,2017
E06000019,"Herefordshire, County of",19,5,14,2018
E06000019,"Herefordshire, County of",19,5,14,2019
E06000019,"Herefordshire, County of",19,5,14,2020
E06000019,"Herefordshire, County of",20,5,15,2021
E06000019,"Herefordshire, County of",21,5,16,2022
E06000019,"Herefordshire, County of",23,5,18,2023
E06000020,Telford and Wrekin,21,6,15,2016
E06000020,Telford and Wrekin,20,6,14,2017
E06000020,Telford and Wrekin,21,7,14,2018
E06000020,Telford and Wrekin,22,8,14,2019
E06000020,Telford and Wrekin,26,9,17,2020
E06000020,Telford and Wrekin,27,9,18,2021
E06000020,Telford and Wrekin,26,9,17,2022
E06000020,Telford and Wrekin,29,9,20,2023
E06000021,Stoke-on-Trent,27,10,17,2016
E06000021,Stoke-on-Trent,29,10,19,2017
E06000021,Stoke-on-Trent,29,10,19,2018
E06000021,Stoke-on-Trent,30,11,19,2019
E06000021,Stoke-on-Trent,31,10,21,2020
E06000021,Stoke-on-Trent,31,10,21,2021
E06000021,Stoke-on-Trent,32,11,21,2022
E06000021,Stoke-on-Trent,43,12,31,2023
E06000022,Bath and North East Somerset,25,2,23,2016
E06000022,Bath and North East Somerset,26,2,24,2017
E06000022,Bath and North East Somerset,26,2,24,2018
E06000022,Bath and North East Somerset,26,2,24,2019
E06000022,Bath and North East Somerset,26,2,24,2020
E06000022,Bath and North East Somerset,27,2,25,2021
E06000022,Bath and North East Somerset,28,2,26,2022
E06000022,Bath and North East Somerset,33,2,31,2023
E06000023,"Bristol, City of",66,11,55,2016
E06000023,"Bristol, City of",68,11,57,2017
E06000023,"Bristol, City of",69,12,57,2018
E06000023,"Bristol, City of",73,14,59,2019
E06000023,"Bristol, City of",75,14,61,2020
E06000023,"Bristol, City of",79,15,64,2021
E06000023,"Bristol, City of",84,17,67,2022
E06000023,"Bristol, City of",89,17,72,2023
E06000024,North Somerset,31,7,24,2016
E06000024,North Somerset,32,7,25,2017
E06000024,North Somerset,32,7,25,2018
E06000024,North Somerset,31,7,24,2019
E06000024,North Somerset,31,7,24,2020
E06000024,North Somerset,32,8,24,2021
E06000024,North Somerset,32,8,24,2022
E06000024,North Somerset,34,8,26,2023
E06000025,South Gloucestershire,36,6,30,2016
E06000025,South Gloucestershire,37,6,31,2017
E06000025,South Gloucestershire,39,8,31,2018
E06000025,South Gloucestershire,39,8,31,2019
E06000025,South Gloucestershire,43,10,33,2020
E06000025,South Gloucestershire,44,10,34,2021
E06000025,South Gloucestershire,46,10,36,2022
E06000025,South Gloucestershire,51,10,41,2023
E06000026,Plymouth,32,8,24,2016
E06000026,Plymouth,34,9,25,2017
E06000026,Plymouth,35,10,25,2018
E06000026,Plymouth,35,10,25,2019
E06000026,Plymouth,34,10,24,2020
E06000026,Plymouth,35,11,24,2021
E06000026,Plymouth,37,11,26,2022
E06000026,Plymouth,39,11,28,2023
E06000027,Torbay,22,3,19,2016
E06000027,Torbay,22,3,19,2017
E06000027,Torbay,22,3,19,2018
E06000027,Torbay,23,4,19,2019
E06000027,Torbay,24,5,19,2020
E06000027,Torbay,24,5,19,2021
E06000027,Torbay,25,5,20,2022
E06000027,Torbay,27,6,21,2023
E06000030,Swindon,30,6,24,2016
E06000030,Swindon,30,6,24,2017
E06000030,Swindon,30,6,24,2018
E06000030,Swindon,31,7,24,2019
E06000030,Swindon,33,8,25,2020
E06000030,Swindon,37,9,28,2021
E06000030,Swindon,38,9,29,2022
E06000030,Swindon,41,10,31,2023
E06000031,Peterborough,24,4,20,2016
E06000031,Peterborough,23,4,19,2017
E06000031,Peterborough,25,5,20,2018
E06000031,Peterborough,26,6,20,2019
E06000031,Peterborough,29,6,23,2020
E06000031,Peterborough,31,7,24,2021
E06000031,Peterborough,32,8,24,2022
E06000031,Peterborough,33,8,25,2023
E06000032,Luton,18,4,14,2016
E06000032,Luton,20,4,16,2017
E06000032,Luton,19,4,15,2018
E06000032,Luton,19,4,15,2019
E06000032,Luton,21,5,16,2020
E06000032,Luton,23,7,16,2021
E06000032,Luton,24,8,16,2022
E06000032,Luton,27,8,19,2023
E06000033,Southend-on-Sea,27,5,22,2016
E06000033,Southend-on-Sea,27,5,22,2017
E06000033,Southend-on-Sea,27,5,22,2018
E06000033,Southend-on-Sea,27,5,22,2019
E06000033,Southend-on-Sea,29,6,23,2020
E06000033,Southend-on-Sea,30,7,23,2021
E06000033,Southend-on-Sea,31,7,24,2022
E06000033,Southend-on-Sea,32,7,25,2023
E06000034,Thurrock,19,2,17,2016
E06000034,Thurrock,19,2,17,2017
E06000034,Thurrock,19,2,17,2018
E06000034,Thurrock,19,2,17,2019
E06000034,Thurrock,21,3,18,2020
E06000034,Thurrock,21,3,18,2021
E06000034,Thurrock,21,3,18,2022
E06000034,Thurrock,21,3,18,2023
E06000035,Medway,24,2,22,2016
E06000035,Medway,25,2,23,2017
E06000035,Medway,26,3,23,2018
E06000035,Medway,26,3,23,2019
E06000035,Medway,28,4,24,2020
E06000035,Medway,28,4,24,2021
E06000035,Medway,30,5,25,2022
E06000035,Medway,36,5,31,2023
E06000036,Bracknell Forest,12,2,10,2016
E06000036,Bracknell Forest,14,2,12,2017
E06000036,Bracknell Forest,14,2,12,2018
E06000036,Bracknell Forest,14,2,12,2019
E06000036,Bracknell Forest,14,3,11,2020
E06000036,Bracknell Forest,15,3,12,2021
E06000036,Bracknell Forest,14,3,11,2022
E06000036,Bracknell Forest,15,3,12,2023
E06000037,West Berkshire,19,3,16,2016
E06000037,West Berkshire,19,3,16,2017
E06000037,West Berkshire,20,4,16,2018
E06000037,West Berkshire,20,4,16,2019
E06000037,West Berkshire,20,5,15,2020
E06000037,West Berkshire,20,5,15,2021
E06000037,West Berkshire,23,6,17,2022
E06000037,West Berkshire,23,6,17,2023
E06000038,Reading,26,4,22,2016
E06000038,Reading,27,4,23,2017
E06000038,Reading,27,4,23,2018
E06000038,Reading,27,4,23,2019
E06000038,Reading,27,4,23,2020
E06000038,Reading,26,4,22,2021
E06000038,Reading,26,4,22,2022
E06000038,Reading,27,5,22,2023
E06000039,Slough,12,1,11,2016
E06000039,Slough,11,1,10,2017
E06000039,Slough,11,1,10,2018
E06000039,Slough,11,1,10,2019
E06000039,Slough,11,1,10,2020
E06000039,Slough,11,1,10,2021
E06000039,Slough,14,2,12,2022
E06000039,Slough,17,3,14,2023
E06000040,Windsor and Maidenhead,17,1,16,2016
E06000040,Windsor and Maidenhead,17,1,16,2017
E06000040,Windsor and Maidenhead,17,1,16,2018
E06000040,Windsor and Maidenhead,18,1,17,2019
E06000040,Windsor and Maidenhead,18,1,17,2020
E06000040,Windsor and Maidenhead,19,2,17,2021
E06000040,Windsor and Maidenhead,19,2,17,2022
E06000040,Windsor and Maidenhead,24,2,22,2023
E06000041,Wokingham,18,2,16,2016
E06000041,Wokingham,19,2,17,2017
E06000041,Wokingham,20,3,17,2018
E06000041,Wokingham,21,4,17,2019
E06000041,Wokingham,21,4,17,2020
E06000041,Wokingham,21,4,17,2021
E06000041,Wokingham,21,4,17,2022
E06000041,Wokingham,22,4,18,2023
E06000042,Milton Keynes,37,4,33,2016
E06000042,Milton Keynes,37,4,33,2017
E06000042,Milton Keynes,40,5,35,2018
E06000042,Milton Keynes,43,7,36,2019
E06000042,Milton Keynes,45,7,38,2020
E06000042,Milton Keynes,44,9,35,2021
E06000042,Milton Keynes,45,10,35,2022
E06000042,Milton Keynes,47,10,37,2023
E06000043,Brighton and Hove,35,3,32,2016
E06000043,Brighton and Hove,34,3,31,2017
E06000043,Brighton and Hove,34,3,31,2018
E06000043,Brighton and Hove,35,4,31,2019
E06000043,Brighton and Hove,35,4,31,2020
E06000043,Brighton and Hove,36,5,31,2021
E06000043,Brighton and Hove,36,5,31,2022
E06000043,Brighton and Hove,37,5,32,2023
E06000044,Portsmouth,31,3,28,2016
E06000044,Portsmouth,34,3,31,2017
E06000044,Portsmouth,37,5,32,2018
E06000044,Portsmouth,37,5,32,2019
E06000044,Portsmouth,38,6,32,2020
E06000044,Portsmouth,38,6,32,2021
E06000044,Portsmouth,38,6,32,2022
E06000044,Portsmouth,40,7,33,2023
E06000045,Southampton,34,4,30,2016
E06000045,Southampton,36,5,31,2017
E06000045,Southampton,36,5,31,2018
E06000045,Southampton,36,5,31,2019
E06000045,Southampton,38,6,32,2020
E06000045,Southampton,40,8,32,2021
E06000045,Southampton,43,8,35,2022
E06000045,Southampton,47,9,38,2023
E06000046,Isle of Wight,19,3,16,2016
E06000046,Isle of Wight,21,4,17,2017
E06000046,Isle of Wight,21,4,17,2018
E06000046,Isle of Wight,21,4,17,2019
E06000046,Isle of Wight,21,4,17,2020
E06000046,Isle of Wight,22,4,18,2021
E06000046,Isle of Wight,23,4,19,2022
E06000046,Isle of Wight,24,4,20,2023
E06000047,County Durham,64,15,49,2016
E06000047,County Durham,66,15,51,2017
E06000047,County Durham,65,15,50,2018
E06000047,County Durham,67,17,50,2019
E06000047,County Durham,71,18,53,2020
E06000047,County Durham,73,18,55,2021
E06000047,County Durham,83,20,63,2022
E06000047,County Durham,90,20,70,2023
E06000049,Cheshire East,55,11,44,2016
E06000049,Cheshire East,56,12,44,2017
E06000049,Cheshire East,55,12,43,2018
E06000049,Cheshire East,55,12,43,2019
E06000049,Cheshire East,56,12,44,2020
E06000049,Cheshire East,64,13,51,2021
E06000049,Cheshire East,65,13,52,2022
E06000049,Cheshire East,79,13,66,2023
E06000050,Cheshire West and Chester,48,7,41,2016
E06000050,Cheshire West and Chester,49,7,42,2017
E06000050,Cheshire West and Chester,49,7,42,2018
E06000050,Cheshire West and Chester,49,8,41,2019
E06000050,Cheshire West and Chester,50,9,41,2020
E06000050,Cheshire West and Chester,53,9,44,2021
E06000050,Cheshire West and Chester,54,9,45,2022
E06000050,Cheshire West and Chester,64,9,55,2023
E06000051,Shropshire,35,8,27,2016
E06000051,Shropshire,37,9,28,2017
E06000051,Shropshire,38,10,28,2018
E06000051,Shropshire,39,11,28,2019
E06000051,Shropshire,42,13,29,2020
E06000051,Shropshire,43,13,30,2021
E06000051,Shropshire,45,13,32,2022
E06000051,Shropshire,52,13,39,2023
E06000052,Cornwall,66,17,49,2016
E06000052,Cornwall,67,18,49,2017
E06000052,Cornwall,69,19,50,2018
E06000052,Cornwall,69,20,49,2019
E06000052,Cornwall,71,20,51,2020
E06000052,Cornwall,75,20,55,2021
E06000052,Cornwall,78,21,57,2022
E06000052,Cornwall,84,21,63,2023
E06000054,Wiltshire,65,11,54,2016
E06000054,Wiltshire,67,12,55,2017
E06000054,Wiltshire,69,12,57,2018
E06000054,Wiltshire,72,15,57,2019
E06000054,Wiltshire,77,16,61,2020
E06000054,Wiltshire,83,19,64,2021
E06000054,Wiltshire,86,19,67,2022
E06000054,Wiltshire,96,19,77,2023
E06000055,Bedford,21,3,18,2016
E06000055,Bedford,24,4,20,2017
E06000055,Bedford,26,6,20,2018
E06000055,Bedford,26,7,19,2019
E06000055,Bedford,27,7,20,2020
E06000055,Bedford,28,7,21,2021
E06000055,Bedford,28,7,21,2022
E06000055,Bedford,31,7,24,2023
E06000056,Central Bedfordshire,24,3,21,2016
E06000056,Central Bedfordshire,26,3,23,2017
E06000056,Central Bedfordshire,28,4,24,2018
E06000056,Central Bedfordshire,31,5,26,2019
E06000056,Central Bedfordshire,32,5,27,2020
E06000056,Central Bedfordshire,33,6,27,2021
E06000056,Central Bedfordshire,35,8,27,2022
E06000056,Central Bedfordshire,37,9,28,2023
E06000057,Northumberland,39,10,29,2016
E06000057,Northumberland,42,11,31,2017
E06000057,Northumberland,41,11,30,2018
E06000057,Northumberland,41,11,30,2019
E06000057,Northumberland,45,11,34,2020
E06000057,Northumberland,50,13,37,2021
E06000057,Northumberland,56,15,41,2022
E06000057,Northumberland,59,14,45,2023
E06000058,"Bournemouth, Christchurch and Poole",67,12,55,2016
E06000058,"Bournemouth, Christchurch and Poole",68,13,55,2017
E06000058,"Bournemouth, Christchurch and Poole",69,14,55,2018
E06000058,"Bournemouth, Christchurch and Poole",69,14,55,2019
E06000058,"Bournemouth, Christchurch and Poole",71,15,56,2020
E06000058,"Bournemouth, Christchurch and Poole",73,16,57,2021
E06000058,"Bournemouth, Christchurch and Poole",75,16,59,2022
E06000058,"Bournemouth, Christchurch and Poole",80,16,64,2023
E06000059,Dorset,43,6,37,2016
E06000059,Dorset,46,7,39,2017
E06000059,Dorset,47,8,39,2018
E06000059,Dorset,48,8,40,2019
E06000059,Dorset,49,10,39,2020
E06000059,Dorset,50,10,40,2021
E06000059,Dorset,56,13,43,2022
E06000059,Dorset,65,13,52,2023
E06000060,Buckinghamshire,65,5,60,2016
E06000060,Buckinghamshire,67,5,62,2017
E06000060,Buckinghamshire,67,5,62,2018
E06000060,Buckinghamshire,70,8,62,2019
E06000060,Buckinghamshire,74,10,64,2020
E06000060,Buckinghamshire,76,10,66,2021
E06000060,Buckinghamshire,78,11,67,2022
E06000060,Buckinghamshire,85,11,74,2023
E06000061,North Northamptonshire,40,9,31,2016
E06000061,North Northamptonshire,42,9,33,2017
E06000061,North Northamptonshire,42,10,32,2018
E06000061,North Northamptonshire,44,11,33,2019
E06000061,North Northamptonshire,48,11,37,2020
E06000061,North Northamptonshire,50,11,39,2021
E06000061,North Northamptonshire,51,11,40,2022
E06000061,North Northamptonshire,59,11,48,2023
E06000062,West Northamptonshire,40,7,33,2016
E06000062,West Northamptonshire,42,9,33,2017
E06000062,West Northamptonshire,41,9,32,2018
E06000062,West Northamptonshire,42,10,32,2019
E06000062,West Northamptonshire,43,10,33,2020
E06000062,West Northamptonshire,44,10,34,2021
E06000062,West Northamptonshire,46,11,35,2022
E06000062,West Northamptonshire,50,12,38,2023
E06000063,Cumberland,31,9,22,2016
E06000063,Cumberland,33,10,23,2017
E06000063,Cumberland,33,10,23,2018
E06000063,Cumberland,33,10,23,2019
E06000063,Cumberland,34,10,24,2020
E06000063,Cumberland,34,10,24,2021
E06000063,Cumberland,35,10,25,2022
E06000063,Cumberland,45,11,34,2023
E06000064,Westmorland and Furness,23,4,19,2016
E06000064,Westmorland and Furness,25,4,21,2017
E06000064,Westmorland and Furness,26,4,22,2018
E06000064,Westmorland and Furness,28,5,23,2019
E06000064,Westmorland and Furness,27,5,22,2020
E06000064,Westmorland and Furness,28,5,23,2021
E06000064,Westmorland and Furness,28,5,23,2022
E06000064,Westmorland and Furness,32,6,26,2023
E06000065,North Yorkshire,57,11,46,2016
E06000065,North Yorkshire,60,14,46,2017
E06000065,North Yorkshire,62,16,46,2018
E06000065,North Yorkshire,62,16,46,2019
E06000065,North Yorkshire,66,17,49,2020
E06000065,North Yorkshire,75,20,55,2021
E06000065,North Yorkshire,80,21,59,2022
E06000065,North Yorkshire,90,22,68,2023
E06000066,Somerset,71,16,55,2016
E06000066,Somerset,70,16,54,2017
E06000066,Somerset,73,18,55,2018
E06000066,Somerset,73,18,55,2019
E06000066,Somerset,77,19,58,2020
E06000066,Somerset,80,19,61,2021
E06000066,Somerset,81,19,62,2022
E06000066,Somerset,97,21,76,2023
E07000008,Cambridge,23,1,22,2016
E07000008,Cambridge,25,1,24,2017
E07000008,Cambridge,25,1,24,2018
E07000008,Cambridge,25,1,24,2019
E07000008,Cambridge,28,3,25,2020
E07000008,Cambridge,28,3,25,2021
E07000008,Cambridge,28,3,25,2022
E07000008,Cambridge,30,3,27,2023
E07000009,East Cambridgeshire,6,1,5,2016
E07000009,East Cambridgeshire,6,1,5,2017
E07000009,East Cambridgeshire,6,1,5,2018
E07000009,East Cambridgeshire,6,1,5,2019
E07000009,East Cambridgeshire,6,1,5,2020
E07000009,East Cambridgeshire,6,1,5,2021
E07000009,East Cambridgeshire,6,1,5,2022
E07000009,East Cambridgeshire,7,1,6,2023
E07000010,Fenland,10,4,6,2016
E07000010,Fenland,11,4,7,2017
E07000010,Fenland,12,4,8,2018
E07000010,Fenland,12,4,8,2019
E07000010,Fenland,13,4,9,2020
E07000010,Fenland,13,4,9,2021
E07000010,Fenland,14,4,10,2022
E07000010,Fenland,15,5,10,2023
E07000011,Huntingdonshire,20,5,15,2016
E07000011,Huntingdonshire,20,5,15,2017
E07000011,Huntingdonshire,21,5,16,2018
E07000011,Huntingdonshire,21,5,16,2019
E07000011,Huntingdonshire,22,6,16,2020
E07000011,Huntingdonshire,22,6,16,2021
E07000011,Huntingdonshire,23,6,17,2022
E07000011,Huntingdonshire,23,6,17,2023
E07000012,South Cambridgeshire,6,0,6,2016
E07000012,South Cambridgeshire,6,0,6,2017
E07000012,South Cambridgeshire,6,0,6,2018
E07000012,South Cambridgeshire,7,0,7,2019
E07000012,South Cambridgeshire,8,0,8,2020
E07000012,South Cambridgeshire,8,0,8,2021
E07000012,South Cambridgeshire,8,0,8,2022
E07000012,South Cambridgeshire,8,0,8,2023
E07000032,Amber Valley,14,5,9,2016
E07000032,Amber Valley,15,6,9,2017
E07000032,Amber Valley,15,6,9,2018
E07000032,Amber Valley,15,6,9,2019
E07000032,Amber Valley,17,6,11,2020
E07000032,Amber Valley,17,6,11,2021
E07000032,Amber Valley,17,6,11,2022
E07000032,Amber Valley,19,6,13,2023
E07000033,Bolsover,4,2,2,2016
E07000033,Bolsover,4,2,2,2017
E07000033,Bolsover,4,2,2,2018
E07000033,Bolsover,5,3,2,2019
E07000033,Bolsover,8,3,5,2020
E07000033,Bolsover,8,3,5,2021
E07000033,Bolsover,8,3,5,2022
E07000033,Bolsover,8,3,5,2023
E07000034,Chesterfield,14,3,11,2016
E07000034,Chesterfield,14,3,11,2017
E07000034,Chesterfield,14,3,11,2018
E07000034,Chesterfield,15,3,12,2019
E07000034,Chesterfield,14,2,12,2020
E07000034,Chesterfield,15,3,12,2021
E07000034,Chesterfield,16,3,13,2022
E07000034,Chesterfield,18,3,15,2023
E07000035,Derbyshire Dales,7,1,6,2016
E07000035,Derbyshire Dales,7,1,6,2017
E07000035,Derbyshire Dales,7,1,6,2018
E07000035,Derbyshire Dales,7,2,5,2019
E07000035,Derbyshire Dales,8,2,6,2020
E07000035,Derbyshire Dales,8,2,6,2021
E07000035,Derbyshire Dales,8,2,6,2022
E07000035,Derbyshire Dales,8,2,6,2023
E07000036,Erewash,15,3,12,2016
E07000036,Erewash,14,3,11,2017
E07000036,Erewash,14,3,11,2018
E07000036,Erewash,14,3,11,2019
E07000036,Erewash,14,3,11,2020
E07000036,Erewash,14,3,11,2021
E07000036,Erewash,15,3,12,2022
E07000036,Erewash,17,3,14,2023
E07000037,High Peak,15,3,12,2016
E07000037,High Peak,15,3,12,2017
E07000037,High Peak,15,3,12,2018
E07000037,High Peak,14,3,11,2019
E07000037,High Peak,14,3,11,2020
E07000037,High Peak,15,4,11,2021
E07000037,High Peak,14,4,10,2022
E07000037,High Peak,17,4,13,2023
E07000038,North East Derbyshire,5,2,3,2016
E07000038,North East Derbyshire,5,2,3,2017
E07000038,North East Derbyshire,6,3,3,2018
E07000038,North East Derbyshire,7,4,3,2019
E07000038,North East Derbyshire,7,4,3,2020
E07000038,North East Derbyshire,9,4,5,2021
E07000038,North East Derbyshire,9,4,5,2022
E07000038,North East Derbyshire,10,4,6,2023
E07000039,South Derbyshire,14,3,11,2016
E07000039,South Derbyshire,14,3,11,2017
E07000039,South Derbyshire,14,3,11,2018
E07000039,South Derbyshire,15,4,11,2019
E07000039,South Derbyshire,15,4,11,2020
E07000039,South Derbyshire,15,4,11,2021
E07000039,South Derbyshire,15,4,11,2022
E07000039,South Derbyshire,15,4,11,2023
E07000040,East Devon,15,4,11,2016
E07000040,East Devon,16,4,12,2017
E07000040,East Devon,16,4,12,2018
E07000040,East Devon,16,4,12,2019
E07000040,East Devon,17,4,13,2020
E07000040,East Devon,17,4,13,2021
E07000040,East Devon,18,4,14,2022
E07000040,East Devon,21,5,16,2023
E07000041,Exeter,19,4,15,2016
E07000041,Exeter,20,5,15,2017
E07000041,Exeter,20,5,15,2018
E07000041,Exeter,20,5,15,2019
E07000041,Exeter,21,5,16,2020
E07000041,Exeter,22,5,17,2021
E07000041,Exeter,25,5,20,2022
E07000041,Exeter,28,6,22,2023
E07000042,Mid Devon,9,1,8,2016
E07000042,Mid Devon,9,1,8,2017
E07000042,Mid Devon,9,1,8,2018
E07000042,Mid Devon,9,1,8,2019
E07000042,Mid Devon,9,1,8,2020
E07000042,Mid Devon,10,2,8,2021
E07000042,Mid Devon,10,2,8,2022
E07000042,Mid Devon,11,2,9,2023
E07000043,North Devon,12,3,9,2016
E07000043,North Devon,13,3,10,2017
E07000043,North Devon,13,3,10,2018
E07000043,North Devon,13,3,10,2019
E07000043,North Devon,14,3,11,2020
E07000043,North Devon,15,4,11,2021
E07000043,North Devon,16,5,11,2022
E07000043,North Devon,17,5,12,2023
E07000044,South Hams,8,1,7,2016
E07000044,South Hams,8,1,7,2017
E07000044,South Hams,8,1,7,2018
E07000044,South Hams,8,1,7,2019
E07000044,South Hams,8,1,7,2020
E07000044,South Hams,8,1,7,2021
E07000044,South Hams,9,1,8,2022
E07000044,South Hams,12,1,11,2023
E07000045,Teignbridge,14,1,13,2016
E07000045,Teignbridge,14,1,13,2017
E07000045,Teignbridge,14,1,13,2018
E07000045,Teignbridge,14,2,12,2019
E07000045,Teignbridge,15,3,12,2020
E07000045,Teignbridge,14,3,11,2021
E07000045,Teignbridge,14,3,11,2022
E07000045,Teignbridge,14,3,11,2023
E07000046,Torridge,7,1,6,2016
E07000046,Torridge,9,3,6,2017
E07000046,Torridge,9,3,6,2018
E07000046,Torridge,9,3,6,2019
E07000046,Torridge,9,3,6,2020
E07000046,Torridge,9,3,6,2021
E07000046,Torridge,9,3,6,2022
E07000046,Torridge,9,3,6,2023
E07000047,West Devon,4,2,2,2016
E07000047,West Devon,5,2,3,2017
E07000047,West Devon,5,2,3,2018
E07000047,West Devon,5,2,3,2019
E07000047,West Devon,5,2,3,2020
E07000047,West Devon,6,2,4,2021
E07000047,West Devon,6,2,4,2022
E07000047,West Devon,7,2,5,2023
E07000061,Eastbourne,19,2,17,2016
E07000061,Eastbourne,19,2,17,2017
E07000061,Eastbourne,19,2,17,2018
E07000061,Eastbourne,19,2,17,2019
E07000061,Eastbourne,20,2,18,2020
E07000061,Eastbourne,20,2,18,2021
E07000061,Eastbourne,21,2,19,2022
E07000061,Eastbourne,24,2,22,2023
E07000062,Hastings,13,2,11,2016
E07000062,Hastings,13,2,11,2017
E07000062,Hastings,13,2,11,2018
E07000062,Hastings,13,2,11,2019
E07000062,Hastings,14,3,11,2020
E07000062,Hastings,14,3,11,2021
E07000062,Hastings,14,3,11,2022
E07000062,Hastings,14,3,11,2023
E07000063,Lewes,9,2,7,2016
E07000063,Lewes,9,2,7,2017
E07000063,Lewes,9,2,7,2018
E07000063,Lewes,9,2,7,2019
E07000063,Lewes,9,2,7,2020
E07000063,Lewes,10,2,8,2021
E07000063,Lewes,11,2,9,2022
E07000063,Lewes,11,2,9,2023
E07000064,Rother,8,2,6,2016
E07000064,Rother,8,2,6,2017
E07000064,Rother,8,2,6,2018
E07000064,Rother,8,2,6,2019
E07000064,Rother,8,2,6,2020
E07000064,Rother,8,2,6,2021
E07000064,Rother,9,2,7,2022
E07000064,Rother,9,2,7,2023
E07000065,Wealden,18,1,17,2016
E07000065,Wealden,18,1,17,2017
E07000065,Wealden,19,2,17,2018
E07000065,Wealden,19,2,17,2019
E07000065,Wealden,19,2,17,2020
E07000065,Wealden,20,2,18,2021
E07000065,Wealden,20,2,18,2022
E07000065,Wealden,22,2,20,2023
E07000066,Basildon,19,4,15,2016
E07000066,Basildon,20,4,16,2017
E07000066,Basildon,19,4,15,2018
E07000066,Basildon,19,4,15,2019
E07000066,Basildon,21,5,16,2020
E07000066,Basildon,21,5,16,2021
E07000066,Basildon,22,5,17,2022
E07000066,Basildon,23,5,18,2023
E07000067,Braintree,15,2,13,2016
E07000067,Braintree,15,2,13,2017
E07000067,Braintree,16,3,13,2018
E07000067,Braintree,16,3,13,2019
E07000067,Braintree,17,4,13,2020
E07000067,Braintree,17,4,13,2021
E07000067,Braintree,19,4,15,2022
E07000067,Braintree,22,4,18,2023
E07000068,Brentwood,6,0,6,2016
E07000068,Brentwood,6,0,6,2017
E07000068,Brentwood,6,0,6,2018
E07000068,Brentwood,6,0,6,2019
E07000068,Brentwood,6,0,6,2020
E07000068,Brentwood,6,0,6,2021
E07000068,Brentwood,8,0,8,2022
E07000068,Brentwood,11,0,11,2023
E07000069,Castle Point,10,2,8,2016
E07000069,Castle Point,11,2,9,2017
E07000069,Castle Point,11,2,9,2018
E07000069,Castle Point,12,2,10,2019
E07000069,Castle Point,13,3,10,2020
E07000069,Castle Point,15,3,12,2021
E07000069,Castle Point,15,3,12,2022
E07000069,Castle Point,15,3,12,2023
E07000070,Chelmsford,17,2,15,2016
E07000070,Chelmsford,17,2,15,2017
E07000070,Chelmsford,20,3,17,2018
E07000070,Chelmsford,20,3,17,2019
E07000070,Chelmsford,25,4,21,2020
E07000070,Chelmsford,25,4,21,2021
E07000070,Chelmsford,26,4,22,2022
E07000070,Chelmsford,27,4,23,2023
E07000071,Colchester,21,3,18,2016
E07000071,Colchester,23,4,19,2017
E07000071,Colchester,23,4,19,2018
E07000071,Colchester,24,5,19,2019
E07000071,Colchester,24,5,19,2020
E07000071,Colchester,26,6,20,2021
E07000071,Colchester,28,6,22,2022
E07000071,Colchester,30,6,24,2023
E07000072,Epping Forest,12,1,11,2016
E07000072,Epping Forest,13,1,12,2017
E07000072,Epping Forest,14,2,12,2018
E07000072,Epping Forest,14,2,12,2019
E07000072,Epping Forest,15,3,12,2020
E07000072,Epping Forest,15,3,12,2021
E07000072,Epping Forest,15,3,12,2022
E07000072,Epping Forest,16,3,13,2023
E07000073,Harlow,8,2,6,2016
E07000073,Harlow,8,2,6,2017
E07000073,Harlow,9,2,7,2018
E07000073,Harlow,9,2,7,2019
E07000073,Harlow,11,2,9,2020
E07000073,Harlow,12,2,10,2021
E07000073,Harlow,13,3,10,2022
E07000073,Harlow,13,3,10,2023
E07000074,Maldon,6,0,6,2016
E07000074,Maldon,7,1,6,2017
E07000074,Maldon,7,1,6,2018
E07000074,Maldon,8,2,6,2019
E07000074,Maldon,8,2,6,2020
E07000074,Maldon,8,2,6,2021
E07000074,Maldon,8,2,6,2022
E07000074,Maldon,8,2,6,2023
E07000075,Rochford,7,0,7,2016
E07000075,Rochford,7,0,7,2017
E07000075,Rochford,7,0,7,2018
E07000075,Rochford,7,0,7,2019
E07000075,Rochford,7,0,7,2020
E07000075,Rochford,7,0,7,2021
E07000075,Rochford,7,0,7,2022
E07000075,Rochford,7,0,7,2023
E07000076,Tendring,23,3,20,2016
E07000076,Tendring,24,3,21,2017
E07000076,Tendring,24,3,21,2018
E07000076,Tendring,26,5,21,2019
E07000076,Tendring,27,5,22,2020
E07000076,Tendring,27,5,22,2021
E07000076,Tendring,29,5,24,2022
E07000076,Tendring,31,5,26,2023
E07000077,Uttlesford,7,1,6,2016
E07000077,Uttlesford,7,1,6,2017
E07000077,Uttlesford,7,1,6,2018
E07000077,Uttlesford,7,1,6,2019
E07000077,Uttlesford,9,1,8,2020
E07000077,Uttlesford,9,1,8,2021
E07000077,Uttlesford,9,1,8,2022
E07000077,Uttlesford,9,1,8,2023
E07000078,Cheltenham,16,1,15,2016
E07000078,Cheltenham,18,1,17,2017
E07000078,Cheltenham,18,1,17,2018
E07000078,Cheltenham,19,2,17,2019
E07000078,Cheltenham,20,2,18,2020
E07000078,Cheltenham,23,3,20,2021
E07000078,Cheltenham,23,3,20,2022
E07000078,Cheltenham,26,4,22,2023
E07000079,Cotswold,10,2,8,2016
E07000079,Cotswold,10,2,8,2017
E07000079,Cotswold,11,3,8,2018
E07000079,Cotswold,11,3,8,2019
E07000079,Cotswold,11,3,8,2020
E07000079,Cotswold,11,3,8,2021
E07000079,Cotswold,13,3,10,2022
E07000079,Cotswold,15,3,12,2023
E07000080,Forest of Dean,3,1,2,2016
E07000080,Forest of Dean,3,1,2,2017
E07000080,Forest of Dean,3,1,2,2018
E07000080,Forest of Dean,3,1,2,2019
E07000080,Forest of Dean,4,2,2,2020
E07000080,Forest of Dean,4,2,2,2021
E07000080,Forest of Dean,6,3,3,2022
E07000080,Forest of Dean,7,3,4,2023
E07000081,Gloucester,26,4,22,2016
E07000081,Gloucester,26,4,22,2017
E07000081,Gloucester,26,4,22,2018
E07000081,Gloucester,27,5,22,2019
E07000081,Gloucester,29,6,23,2020
E07000081,Gloucester,29,7,22,2021
E07000081,Gloucester,28,7,21,2022
E07000081,Gloucester,29,7,22,2023
E07000082,Stroud,13,1,12,2016
E07000082,Stroud,13,1,12,2017
E07000082,Stroud,13,1,12,2018
E07000082,Stroud,14,2,12,2019
E07000082,Stroud,15,2,13,2020
E07000082,Stroud,15,2,13,2021
E07000082,Stroud,16,3,13,2022
E07000082,Stroud,16,3,13,2023
E07000083,Tewkesbury,8,3,5,2016
E07000083,Tewkesbury,8,3,5,2017
E07000083,Tewkesbury,8,3,5,2018
E07000083,Tewkesbury,8,3,5,2019
E07000083,Tewkesbury,9,3,6,2020
E07000083,Tewkesbury,9,3,6,2021
E07000083,Tewkesbury,9,3,6,2022
E07000083,Tewkesbury,12,3,9,2023
E07000084,Basingstoke and Deane,20,2,18,2016
E07000084,Basingstoke and Deane,20,2,18,2017
E07000084,Basingstoke and Deane,20,2,18,2018
E07000084,Basingstoke and Deane,22,4,18,2019
E07000084,Basingstoke and Deane,23,4,19,2020
E07000084,Basingstoke and Deane,24,5,19,2021
E07000084,Basingstoke and Deane,25,5,20,2022
E07000084,Basingstoke and Deane,27,5,22,2023
E07000085,East Hampshire,18,3,15,2016
E07000085,East Hampshire,18,3,15,2017
E07000085,East Hampshire,18,3,15,2018
E07000085,East Hampshire,18,3,15,2019
E07000085,East Hampshire,18,3,15,2020
E07000085,East Hampshire,18,3,15,2021
E07000085,East Hampshire,18,3,15,2022
E07000085,East Hampshire,20,4,16,2023
E07000086,Eastleigh,16,1,15,2016
E07000086,Eastleigh,16,1,15,2017
E07000086,Eastleigh,16,1,15,2018
E07000086,Eastleigh,17,2,15,2019
E07000086,Eastleigh,17,2,15,2020
E07000086,Eastleigh,17,2,15,2021
E07000086,Eastleigh,18,3,15,2022
E07000086,Eastleigh,21,4,17,2023
E07000087,Fareham,11,2,9,2016
E07000087,Fareham,14,3,11,2017
E07000087,Fareham,13,3,10,2018
E07000087,Fareham,13,3,10,2019
E07000087,Fareham,13,3,10,2020
E07000087,Fareham,15,3,12,2021
E07000087,Fareham,15,3,12,2022
E07000087,Fareham,19,3,16,2023
E07000088,Gosport,10,2,8,2016
E07000088,Gosport,10,2,8,2017
E07000088,Gosport,10,2,8,2018
E07000088,Gosport,13,3,10,2019
E07000088,Gosport,14,3,11,2020
E07000088,Gosport,14,3,11,2021
E07000088,Gosport,16,3,13,2022
E07000088,Gosport,15,2,13,2023
E07000089,Hart,14,2,12,2016
E07000089,Hart,14,2,12,2017
E07000089,Hart,14,2,12,2018
E07000089,Hart,14,2,12,2019
E07000089,Hart,15,2,13,2020
E07000089,Hart,15,2,13,2021
E07000089,Hart,16,3,13,2022
E07000089,Hart,18,3,15,2023
E07000090,Havant,22,3,19,2016
E07000090,Havant,22,3,19,2017
E07000090,Havant,23,4,19,2018
E07000090,Havant,24,5,19,2019
E07000090,Havant,23,5,18,2020
E07000090,Havant,23,5,18,2021
E07000090,Havant,22,5,17,2022
E07000090,Havant,22,4,18,2023
E07000091,New Forest,25,2,23,2016
E07000091,New Forest,26,3,23,2017
E07000091,New Forest,26,3,23,2018
E07000091,New Forest,27,4,23,2019
E07000091,New Forest,27,4,23,2020
E07000091,New Forest,29,4,25,2021
E07000091,New Forest,32,5,27,2022
E07000091,New Forest,38,5,33,2023
E07000092,Rushmoor,10,1,9,2016
E07000092,Rushmoor,10,1,9,2017
E07000092,Rushmoor,10,1,9,2018
E07000092,Rushmoor,10,1,9,2019
E07000092,Rushmoor,11,1,10,2020
E07000092,Rushmoor,11,1,10,2021
E07000092,Rushmoor,13,2,11,2022
E07000092,Rushmoor,14,3,11,2023
E07000093,Test Valley,15,2,13,2016
E07000093,Test Valley,15,3,12,2017
E07000093,Test Valley,14,3,11,2018
E07000093,Test Valley,14,3,11,2019
E07000093,Test Valley,15,4,11,2020
E07000093,Test Valley,14,4,10,2021
E07000093,Test Valley,15,4,11,2022
E07000093,Test Valley,16,4,12,2023
E07000094,Winchester,13,1,12,2016
E07000094,Winchester,13,1,12,2017
E07000094,Winchester,14,1,13,2018
E07000094,Winchester,15,2,13,2019
E07000094,Winchester,15,2,13,2020
E07000094,Winchester,16,2,14,2021
E07000094,Winchester,17,2,15,2022
E07000094,Winchester,17,2,15,2023
E07000095,Broxbourne,17,2,15,2016
E07000095,Broxbourne,18,2,16,2017
E07000095,Broxbourne,18,2,16,2018
E07000095,Broxbourne,17,2,15,2019
E07000095,Broxbourne,17,2,15,2020
E07000095,Broxbourne,17,2,15,2021
E07000095,Broxbourne,17,2,15,2022
E07000095,Broxbourne,17,2,15,2023
E07000096,Dacorum,18,2,16,2016
E07000096,Dacorum,19,2,17,2017
E07000096,Dacorum,20,2,18,2018
E07000096,Dacorum,20,2,18,2019
E07000096,Dacorum,23,3,20,2020
E07000096,Dacorum,23,3,20,2021
E07000096,Dacorum,23,3,20,2022
E07000096,Dacorum,27,3,24,2023
E07000098,Hertsmere,12,1,11,2016
E07000098,Hertsmere,12,1,11,2017
E07000098,Hertsmere,12,1,11,2018
E07000098,Hertsmere,13,2,11,2019
E07000098,Hertsmere,13,2,11,2020
E07000098,Hertsmere,16,2,14,2021
E07000098,Hertsmere,17,2,15,2022
E07000098,Hertsmere,18,3,15,2023
E07000099,North Hertfordshire,18,1,17,2016
E07000099,North Hertfordshire,18,1,17,2017
E07000099,North Hertfordshire,18,1,17,2018
E07000099,North Hertfordshire,21,3,18,2019
E07000099,North Hertfordshire,21,3,18,2020
E07000099,North Hertfordshire,21,3,18,2021
E07000099,North Hertfordshire,21,3,18,2022
E07000099,North Hertfordshire,22,3,19,2023
E07000102,Three Rivers,6,0,6,2016
E07000102,Three Rivers,6,0,6,2017
E07000102,Three Rivers,6,0,6,2018
E07000102,Three Rivers,6,0,6,2019
E07000102,Three Rivers,6,0,6,2020
E07000102,Three Rivers,7,0,7,2021
E07000102,Three Rivers,8,1,7,2022
E07000102,Three Rivers,10,1,9,2023
E07000103,Watford,12,0,12,2016
E07000103,Watford,12,0,12,2017
E07000103,Watford,12,0,12,2018
E07000103,Watford,12,0,12,2019
E07000103,Watford,15,2,13,2020
E07000103,Watford,15,2,13,2021
E07000103,Watford,15,2,13,2022
E07000103,Watford,17,2,15,2023
E07000105,Ashford,13,1,12,2016
E07000105,Ashford,14,1,13,2017
E07000105,Ashford,14,1,13,2018
E07000105,Ashford,14,2,12,2019
E07000105,Ashford,15,2,13,2020
E07000105,Ashford,16,2,14,2021
E07000105,Ashford,16,2,14,2022
E07000105,Ashford,18,2,16,2023
E07000106,Canterbury,23,2,21,2016
E07000106,Canterbury,26,4,22,2017
E07000106,Canterbury,26,4,22,2018
E07000106,Canterbury,28,4,24,2019
E07000106,Canterbury,29,5,24,2020
E07000106,Canterbury,30,6,24,2021
E07000106,Canterbury,30,6,24,2022
E07000106,Canterbury,29,5,24,2023
E07000107,Dartford,13,1,12,2016
E07000107,Dartford,14,2,12,2017
E07000107,Dartford,14,2,12,2018
E07000107,Dartford,14,2,12,2019
E07000107,Dartford,15,2,13,2020
E07000107,Dartford,15,2,13,2021
E07000107,Dartford,15,2,13,2022
E07000107,Dartford,15,2,13,2023
E07000108,Dover,10,1,9,2016
E07000108,Dover,10,1,9,2017
E07000108,Dover,11,2,9,2018
E07000108,Dover,12,2,10,2019
E07000108,Dover,13,3,10,2020
E07000108,Dover,11,2,9,2021
E07000108,Dover,12,3,9,2022
E07000108,Dover,13,3,10,2023
E07000109,Gravesham,12,2,10,2016
E07000109,Gravesham,12,2,10,2017
E07000109,Gravesham,12,2,10,2018
E07000109,Gravesham,12,2,10,2019
E07000109,Gravesham,12,2,10,2020
E07000109,Gravesham,13,3,10,2021
E07000109,Gravesham,14,3,11,2022
E07000109,Gravesham,15,3,12,2023
E07000110,Maidstone,17,3,14,2016
E07000110,Maidstone,20,4,16,2017
E07000110,Maidstone,21,4,17,2018
E07000110,Maidstone,21,4,17,2019
E07000110,Maidstone,23,4,19,2020
E07000110,Maidstone,26,4,22,2021
E07000110,Maidstone,26,4,22,2022
E07000110,Maidstone,26,4,22,2023
E07000111,Sevenoaks,12,2,10,2016
E07000111,Sevenoaks,12,2,10,2017
E07000111,Sevenoaks,12,2,10,2018
E07000111,Sevenoaks,12,3,9,2019
E07000111,Sevenoaks,13,4,9,2020
E07000111,Sevenoaks,14,4,10,2021
E07000111,Sevenoaks,14,4,10,2022
E07000111,Sevenoaks,17,4,13,2023
E07000112,Folkestone and Hythe,18,3,15,2016
E07000112,Folkestone and Hythe,18,3,15,2017
E07000112,Folkestone and Hythe,18,3,15,2018
E07000112,Folkestone and Hythe,18,3,15,2019
E07000112,Folkestone and Hythe,18,3,15,2020
E07000112,Folkestone and Hythe,18,3,15,2021
E07000112,Folkestone and Hythe,18,3,15,2022
E07000112,Folkestone and Hythe,19,3,16,2023
E07000113,Swale,18,3,15,2016
E07000113,Swale,19,3,16,2017
E07000113,Swale,19,3,16,2018
E07000113,Swale,19,3,16,2019
E07000113,Swale,18,3,15,2020
E07000113,Swale,19,4,15,2021
E07000113,Swale,21,4,17,2022
E07000113,Swale,22,4,18,2023
E07000114,Thanet,20,3,17,2016
E07000114,Thanet,21,3,18,2017
E07000114,Thanet,21,3,18,2018
E07000114,Thanet,21,3,18,2019
E07000114,Thanet,21,3,18,2020
E07000114,Thanet,22,3,19,2021
E07000114,Thanet,23,4,19,2022
E07000114,Thanet,25,4,21,2023
E07000115,Tonbridge and Malling,13,2,11,2016
E07000115,Tonbridge and Malling,15,2,13,2017
E07000115,Tonbridge and Malling,15,2,13,2018
E07000115,Tonbridge and Malling,16,3,13,2019
E07000115,Tonbridge and Malling,16,3,13,2020
E07000115,Tonbridge and Malling,16,3,13,2021
E07000115,Tonbridge and Malling,19,5,14,2022
E07000115,Tonbridge and Malling,20,5,15,2023
E07000116,Tunbridge Wells,14,0,14,2016
E07000116,Tunbridge Wells,15,0,15,2017
E07000116,Tunbridge Wells,15,0,15,2018
E07000116,Tunbridge Wells,15,0,15,2019
E07000116,Tunbridge Wells,17,1,16,2020
E07000116,Tunbridge Wells,18,2,16,2021
E07000116,Tunbridge Wells,18,2,16,2022
E07000116,Tunbridge Wells,18,2,16,2023
E07000117,Burnley,10,2,8,2016
E07000117,Burnley,11,3,8,2017
E07000117,Burnley,11,3,8,2018
E07000117,Burnley,12,3,9,2019
E07000117,Burnley,12,3,9,2020
E07000117,Burnley,12,3,9,2021
E07000117,Burnley,13,4,9,2022
E07000117,Burnley,14,4,10,2023
E07000118,Chorley,11,1,10,2016
E07000118,Chorley,12,2,10,2017
E07000118,Chorley,12,2,10,2018
E07000118,Chorley,12,2,10,2019
E07000118,Chorley,14,3,11,2020
E07000118,Chorley,14,3,11,2021
E07000118,Chorley,17,3,14,2022
E07000118,Chorley,20,3,17,2023
E07000119,Fylde,12,2,10,2016
E07000119,Fylde,15,4,11,2017
E07000119,Fylde,15,5,10,2018
E07000119,Fylde,15,5,10,2019
E07000119,Fylde,16,5,11,2020
E07000119,Fylde,16,5,11,2021
E07000119,Fylde,17,5,12,2022
E07000119,Fylde,18,5,13,2023
E07000120,Hyndburn,9,3,6,2016
E07000120,Hyndburn,11,4,7,2017
E07000120,Hyndburn,11,4,7,2018
E07000120,Hyndburn,11,4,7,2019
E07000120,Hyndburn,12,4,8,2020
E07000120,Hyndburn,12,4,8,2021
E07000120,Hyndburn,12,4,8,2022
E07000120,Hyndburn,12,4,8,2023
E07000121,Lancaster,17,4,13,2016
E07000121,Lancaster,17,4,13,2017
E07000121,Lancaster,17,4,13,2018
E07000121,Lancaster,17,4,13,2019
E07000121,Lancaster,19,6,13,2020
E07000121,Lancaster,19,6,13,2021
E07000121,Lancaster,19,6,13,2022
E07000121,Lancaster,21,6,15,2023
E07000122,Pendle,8,3,5,2016
E07000122,Pendle,8,3,5,2017
E07000122,Pendle,9,4,5,2018
E07000122,Pendle,9,4,5,2019
E07000122,Pendle,10,4,6,2020
E07000122,Pendle,10,4,6,2021
E07000122,Pendle,10,4,6,2022
E07000122,Pendle,12,4,8,2023
E07000123,Preston,20,5,15,2016
E07000123,Preston,21,5,16,2017
E07000123,Preston,21,5,16,2018
E07000123,Preston,23,7,16,2019
E07000123,Preston,25,7,18,2020
E07000123,Preston,27,8,19,2021
E07000123,Preston,28,8,20,2022
E07000123,Preston,31,8,23,2023
E07000124,Ribble Valley,5,2,3,2016
E07000124,Ribble Valley,5,2,3,2017
E07000124,Ribble Valley,5,2,3,2018
E07000124,Ribble Valley,5,2,3,2019
E07000124,Ribble Valley,5,2,3,2020
E07000124,Ribble Valley,5,2,3,2021
E07000124,Ribble Valley,5,2,3,2022
E07000124,Ribble Valley,6,2,4,2023
E07000125,Rossendale,7,1,6,2016
E07000125,Rossendale,7,1,6,2017
E07000125,Rossendale,8,2,6,2018
E07000125,Rossendale,8,2,6,2019
E07000125,Rossendale,9,2,7,2020
E07000125,Rossendale,9,2,7,2021
E07000125,Rossendale,9,2,7,2022
E07000125,Rossendale,9,2,7,2023
E07000126,South Ribble,13,3,10,2016
E07000126,South Ribble,14,3,11,2017
E07000126,South Ribble,13,3,10,2018
E07000126,South Ribble,13,3,10,2019
E07000126,South Ribble,15,3,12,2020
E07000126,South Ribble,16,3,13,2021
E07000126,South Ribble,16,3,13,2022
E07000126,South Ribble,19,3,16,2023
E07000127,West Lancashire,8,2,6,2016
E07000127,West Lancashire,10,3,7,2017
E07000127,West Lancashire,10,3,7,2018
E07000127,West Lancashire,10,3,7,2019
E07000127,West Lancashire,10,4,6,2020
E07000127,West Lancashire,11,4,7,2021
E07000127,West Lancashire,14,6,8,2022
E07000127,West Lancashire,17,6,11,2023
E07000128,Wyre,14,3,11,2016
E07000128,Wyre,16,5,11,2017
E07000128,Wyre,16,5,11,2018
E07000128,Wyre,15,5,10,2019
E07000128,Wyre,16,5,11,2020
E07000128,Wyre,15,5,10,2021
E07000128,Wyre,16,5,11,2022
E07000128,Wyre,16,5,11,2023
E07000129,Blaby,10,2,8,2016
E07000129,Blaby,10,2,8,2017
E07000129,Blaby,10,2,8,2018
E07000129,Blaby,9,2,7,2019
E07000129,Blaby,11,2,9,2020
E07000129,Blaby,12,2,10,2021
E07000129,Blaby,11,2,9,2022
E07000129,Blaby,11,2,9,2023
E07000130,Charnwood,17,2,15,2016
E07000130,Charnwood,17,2,15,2017
E07000130,Charnwood,18,3,15,2018
E07000130,Charnwood,19,4,15,2019
E07000130,Charnwood,19,4,15,2020
E07000130,Charnwood,19,4,15,2021
E07000130,Charnwood,19,4,15,2022
E07000130,Charnwood,21,4,17,2023
E07000131,Harborough,8,2,6,2016
E07000131,Harborough,8,2,6,2017
E07000131,Harborough,9,3,6,2018
E07000131,Harborough,9,3,6,2019
E07000131,Harborough,10,3,7,2020
E07000131,Harborough,11,4,7,2021
E07000131,Harborough,11,4,7,2022
E07000131,Harborough,11,4,7,2023
E07000132,Hinckley and Bosworth,9,2,7,2016
E07000132,Hinckley and Bosworth,9,2,7,2017
E07000132,Hinckley and Bosworth,9,2,7,2018
E07000132,Hinckley and Bosworth,10,3,7,2019
E07000132,Hinckley and Bosworth,10,3,7,2020
E07000132,Hinckley and Bosworth,10,3,7,2021
E07000132,Hinckley and Bosworth,11,3,8,2022
E07000132,Hinckley and Bosworth,13,3,10,2023
E07000133,Melton,5,1,4,2016
E07000133,Melton,5,1,4,2017
E07000133,Melton,6,2,4,2018
E07000133,Melton,6,2,4,2019
E07000133,Melton,6,2,4,2020
E07000133,Melton,6,2,4,2021
E07000133,Melton,6,2,4,2022
E07000133,Melton,6,2,4,2023
E07000134,North West Leicestershire,8,3,5,2016
E07000134,North West Leicestershire,8,3,5,2017
E07000134,North West Leicestershire,9,3,6,2018
E07000134,North West Leicestershire,9,3,6,2019
E07000134,North West Leicestershire,9,3,6,2020
E07000134,North West Leicestershire,12,3,9,2021
E07000134,North West Leicestershire,13,3,10,2022
E07000134,North West Leicestershire,15,4,11,2023
E07000135,Oadby and Wigston,11,1,10,2016
E07000135,Oadby and Wigston,11,1,10,2017
E07000135,Oadby and Wigston,11,1,10,2018
E07000135,Oadby and Wigston,11,2,9,2019
E07000135,Oadby and Wigston,12,3,9,2020
E07000135,Oadby and Wigston,12,3,9,2021
E07000135,Oadby and Wigston,13,3,10,2022
E07000135,Oadby and Wigston,13,3,10,2023
E07000136,Boston,5,1,4,2016
E07000136,Boston,6,1,5,2017
E07000136,Boston,7,2,5,2018
E07000136,Boston,6,2,4,2019
E07000136,Boston,7,3,4,2020
E07000136,Boston,8,3,5,2021
E07000136,Boston,8,3,5,2022
E07000136,Boston,8,3,5,2023
E07000137,East Lindsey,10,3,7,2016
E07000137,East Lindsey,10,3,7,2017
E07000137,East Lindsey,12,4,8,2018
E07000137,East Lindsey,12,4,8,2019
E07000137,East Lindsey,13,4,9,2020
E07000137,East Lindsey,15,4,11,2021
E07000137,East Lindsey,15,4,11,2022
E07000137,East Lindsey,18,4,14,2023
E07000138,Lincoln,17,4,13,2016
E07000138,Lincoln,19,4,15,2017
E07000138,Lincoln,20,4,16,2018
E07000138,Lincoln,20,4,16,2019
E07000138,Lincoln,20,4,16,2020
E07000138,Lincoln,21,4,17,2021
E07000138,Lincoln,22,4,18,2022
E07000138,Lincoln,24,5,19,2023
E07000139,North Kesteven,8,2,6,2016
E07000139,North Kesteven,9,3,6,2017
E07000139,North Kesteven,9,3,6,2018
E07000139,North Kesteven,9,3,6,2019
E07000139,North Kesteven,9,3,6,2020
E07000139,North Kesteven,9,3,6,2021
E07000139,North Kesteven,9,3,6,2022
E07000139,North Kesteven,9,3,6,2023
E07000140,South Holland,9,2,7,2016
E07000140,South Holland,9,2,7,2017
E07000140,South Holland,9,2,7,2018
E07000140,South Holland,9,2,7,2019
E07000140,South Holland,10,3,7,2020
E07000140,South Holland,11,3,8,2021
E07000140,South Holland,10,3,7,2022
E07000140,South Holland,10,3,7,2023
E07000141,South Kesteven,17,3,14,2016
E07000141,South Kesteven,18,4,14,2017
E07000141,South Kesteven,19,4,15,2018
E07000141,South Kesteven,19,4,15,2019
E07000141,South Kesteven,20,4,16,2020
E07000141,South Kesteven,20,4,16,2021
E07000141,South Kesteven,22,5,17,2022
E07000141,South Kesteven,22,5,17,2023
E07000142,West Lindsey,6,2,4,2016
E07000142,West Lindsey,6,2,4,2017
E07000142,West Lindsey,7,3,4,2018
E07000142,West Lindsey,7,3,4,2019
E07000142,West Lindsey,6,2,4,2020
E07000142,West Lindsey,6,2,4,2021
E07000142,West Lindsey,6,2,4,2022
E07000142,West Lindsey,6,2,4,2023
E07000143,Breckland,18,5,13,2016
E07000143,Breckland,18,5,13,2017
E07000143,Breckland,18,5,13,2018
E07000143,Breckland,18,5,13,2019
E07000143,Breckland,19,5,14,2020
E07000143,Breckland,20,5,15,2021
E07000143,Breckland,20,5,15,2022
E07000143,Breckland,24,6,18,2023
E07000144,Broadland,10,0,10,2016
E07000144,Broadland,10,0,10,2017
E07000144,Broadland,10,0,10,2018
E07000144,Broadland,11,1,10,2019
E07000144,Broadland,11,1,10,2020
E07000144,Broadland,12,2,10,2021
E07000144,Broadland,15,3,12,2022
E07000144,Broadland,15,3,12,2023
E07000145,Great Yarmouth,13,3,10,2016
E07000145,Great Yarmouth,14,3,11,2017
E07000145,Great Yarmouth,14,3,11,2018
E07000145,Great Yarmouth,15,3,12,2019
E07000145,Great Yarmouth,16,3,13,2020
E07000145,Great Yarmouth,17,3,14,2021
E07000145,Great Yarmouth,18,3,15,2022
E07000145,Great Yarmouth,22,3,19,2023
E07000146,King's Lynn and West Norfolk,19,2,17,2016
E07000146,King's Lynn and West Norfolk,19,2,17,2017
E07000146,King's Lynn and West Norfolk,20,3,17,2018
E07000146,King's Lynn and West Norfolk,21,3,18,2019
E07000146,King's Lynn and West Norfolk,20,3,17,2020
E07000146,King's Lynn and West Norfolk,20,3,17,2021
E07000146,King's Lynn and West Norfolk,21,3,18,2022
E07000146,King's Lynn and West Norfolk,22,3,19,2023
E07000147,North Norfolk,14,4,10,2016
E07000147,North Norfolk,14,4,10,2017
E07000147,North Norfolk,14,4,10,2018
E07000147,North Norfolk,14,4,10,2019
E07000147,North Norfolk,14,4,10,2020
E07000147,North Norfolk,14,4,10,2021
E07000147,North Norfolk,14,4,10,2022
E07000147,North Norfolk,14,4,10,2023
E07000148,Norwich,24,5,19,2016
E07000148,Norwich,26,7,19,2017
E07000148,Norwich,26,7,19,2018
E07000148,Norwich,26,7,19,2019
E07000148,Norwich,27,7,20,2020
E07000148,Norwich,28,7,21,2021
E07000148,Norwich,28,7,21,2022
E07000148,Norwich,29,6,23,2023
E07000149,South Norfolk,9,1,8,2016
E07000149,South Norfolk,10,1,9,2017
E07000149,South Norfolk,10,1,9,2018
E07000149,South Norfolk,11,2,9,2019
E07000149,South Norfolk,11,2,9,2020
E07000149,South Norfolk,12,2,10,2021
E07000149,South Norfolk,13,2,11,2022
E07000149,South Norfolk,16,3,13,2023
E07000170,Ashfield,14,4,10,2016
E07000170,Ashfield,14,4,10,2017
E07000170,Ashfield,15,5,10,2018
E07000170,Ashfield,15,5,10,2019
E07000170,Ashfield,15,5,10,2020
E07000170,Ashfield,17,5,12,2021
E07000170,Ashfield,17,5,12,2022
E07000170,Ashfield,17,5,12,2023
E07000171,Bassetlaw,17,3,14,2016
E07000171,Bassetlaw,16,3,13,2017
E07000171,Bassetlaw,17,3,14,2018
E07000171,Bassetlaw,16,3,13,2019
E07000171,Bassetlaw,16,3,13,2020
E07000171,Bassetlaw,17,4,13,2021
E07000171,Bassetlaw,17,4,13,2022
E07000171,Bassetlaw,20,4,16,2023
E07000172,Broxtowe,16,2,14,2016
E07000172,Broxtowe,16,2,14,2017
E07000172,Broxtowe,16,2,14,2018
E07000172,Broxtowe,16,2,14,2019
E07000172,Broxtowe,19,3,16,2020
E07000172,Broxtowe,17,3,14,2021
E07000172,Broxtowe,18,3,15,2022
E07000172,Broxtowe,18,3,15,2023
E07000173,Gedling,18,3,15,2016
E07000173,Gedling,19,3,16,2017
E07000173,Gedling,19,3,16,2018
E07000173,Gedling,19,3,16,2019
E07000173,Gedling,20,3,17,2020
E07000173,Gedling,20,3,17,2021
E07000173,Gedling,22,4,18,2022
E07000173,Gedling,22,4,18,2023
E07000174,Mansfield,11,1,10,2016
E07000174,Mansfield,10,1,9,2017
E07000174,Mansfield,10,1,9,2018
E07000174,Mansfield,12,3,9,2019
E07000174,Mansfield,13,3,10,2020
E07000174,Mansfield,14,4,10,2021
E07000174,Mansfield,15,4,11,2022
E07000174,Mansfield,15,4,11,2023
E07000175,Newark and Sherwood,12,1,11,2016
E07000175,Newark and Sherwood,13,2,11,2017
E07000175,Newark and Sherwood,13,2,11,2018
E07000175,Newark and Sherwood,12,2,10,2019
E07000175,Newark and Sherwood,13,2,11,2020
E07000175,Newark and Sherwood,13,2,11,2021
E07000175,Newark and Sherwood,14,2,12,2022
E07000175,Newark and Sherwood,15,2,13,2023
E07000176,Rushcliffe,11,2,9,2016
E07000176,Rushcliffe,13,2,11,2017
E07000176,Rushcliffe,13,2,11,2018
E07000176,Rushcliffe,13,2,11,2019
E07000176,Rushcliffe,14,3,11,2020
E07000176,Rushcliffe,14,3,11,2021
E07000176,Rushcliffe,15,4,11,2022
E07000176,Rushcliffe,17,5,12,2023
E07000177,Cherwell,22,3,19,2016
E07000177,Cherwell,23,3,20,2017
E07000177,Cherwell,24,3,21,2018
E07000177,Cherwell,24,3,21,2019
E07000177,Cherwell,24,3,21,2020
E07000177,Cherwell,26,4,22,2021
E07000177,Cherwell,27,4,23,2022
E07000177,Cherwell,33,4,29,2023
E07000178,Oxford,28,3,25,2016
E07000178,Oxford,29,3,26,2017
E07000178,Oxford,29,3,26,2018
E07000178,Oxford,29,3,26,2019
E07000178,Oxford,30,3,27,2020
E07000178,Oxford,32,3,29,2021
E07000178,Oxford,33,4,29,2022
E07000178,Oxford,34,4,30,2023
E07000179,South Oxfordshire,12,1,11,2016
E07000179,South Oxfordshire,14,1,13,2017
E07000179,South Oxfordshire,16,1,15,2018
E07000179,South Oxfordshire,17,2,15,2019
E07000179,South Oxfordshire,18,2,16,2020
E07000179,South Oxfordshire,18,2,16,2021
E07000179,South Oxfordshire,18,2,16,2022
E07000179,South Oxfordshire,21,2,19,2023
E07000180,Vale of White Horse,10,0,10,2016
E07000180,Vale of White Horse,12,1,11,2017
E07000180,Vale of White Horse,13,1,12,2018
E07000180,Vale of White Horse,13,1,12,2019
E07000180,Vale of White Horse,13,1,12,2020
E07000180,Vale of White Horse,14,2,12,2021
E07000180,Vale of White Horse,14,2,12,2022
E07000180,Vale of White Horse,16,3,13,2023
E07000181,West Oxfordshire,12,3,9,2016
E07000181,West Oxfordshire,12,3,9,2017
E07000181,West Oxfordshire,12,3,9,2018
E07000181,West Oxfordshire,13,3,10,2019
E07000181,West Oxfordshire,13,3,10,2020
E07000181,West Oxfordshire,13,3,10,2021
E07000181,West Oxfordshire,13,3,10,2022
E07000181,West Oxfordshire,13,3,10,2023
E07000192,Cannock Chase,15,3,12,2016
E07000192,Cannock Chase,16,3,13,2017
E07000192,Cannock Chase,16,3,13,2018
E07000192,Cannock Chase,16,3,13,2019
E07000192,Cannock Chase,17,3,14,2020
E07000192,Cannock Chase,17,3,14,2021
E07000192,Cannock Chase,17,3,14,2022
E07000192,Cannock Chase,19,4,15,2023
E07000193,East Staffordshire,17,3,14,2016
E07000193,East Staffordshire,18,3,15,2017
E07000193,East Staffordshire,18,3,15,2018
E07000193,East Staffordshire,18,3,15,2019
E07000193,East Staffordshire,18,3,15,2020
E07000193,East Staffordshire,18,3,15,2021
E07000193,East Staffordshire,20,5,15,2022
E07000193,East Staffordshire,23,5,18,2023
E07000194,Lichfield,12,3,9,2016
E07000194,Lichfield,12,3,9,2017
E07000194,Lichfield,12,3,9,2018
E07000194,Lichfield,12,3,9,2019
E07000194,Lichfield,13,3,10,2020
E07000194,Lichfield,12,3,9,2021
E07000194,Lichfield,13,3,10,2022
E07000194,Lichfield,13,3,10,2023
E07000195,Newcastle-under-Lyme,13,3,10,2016
E07000195,Newcastle-under-Lyme,14,3,11,2017
E07000195,Newcastle-under-Lyme,14,3,11,2018
E07000195,Newcastle-under-Lyme,14,3,11,2019
E07000195,Newcastle-under-Lyme,15,3,12,2020
E07000195,Newcastle-under-Lyme,16,4,12,2021
E07000195,Newcastle-under-Lyme,17,4,13,2022
E07000195,Newcastle-under-Lyme,20,4,16,2023
E07000196,South Staffordshire,4,0,4,2016
E07000196,South Staffordshire,3,0,3,2017
E07000196,South Staffordshire,3,0,3,2018
E07000196,South Staffordshire,3,0,3,2019
E07000196,South Staffordshire,3,0,3,2020
E07000196,South Staffordshire,3,0,3,2021
E07000196,South Staffordshire,2,0,2,2022
E07000196,South Staffordshire,4,0,4,2023
E07000197,Stafford,11,3,8,2016
E07000197,Stafford,11,3,8,2017
E07000197,Stafford,12,4,8,2018
E07000197,Stafford,13,4,9,2019
E07000197,Stafford,13,4,9,2020
E07000197,Stafford,15,4,11,2021
E07000197,Stafford,15,4,11,2022
E07000197,Stafford,17,4,13,2023
E07000198,Staffordshire Moorlands,10,1,9,2016
E07000198,Staffordshire Moorlands,9,1,8,2017
E07000198,Staffordshire Moorlands,9,1,8,2018
E07000198,Staffordshire Moorlands,10,2,8,2019
E07000198,Staffordshire Moorlands,14,2,12,2020
E07000198,Staffordshire Moorlands,14,3,11,2021
E07000198,Staffordshire Moorlands,14,3,11,2022
E07000198,Staffordshire Moorlands,15,3,12,2023
E07000199,Tamworth,9,2,7,2016
E07000199,Tamworth,10,3,7,2017
E07000199,Tamworth,10,3,7,2018
E07000199,Tamworth,10,3,7,2019
E07000199,Tamworth,10,3,7,2020
E07000199,Tamworth,10,3,7,2021
E07000199,Tamworth,12,4,8,2022
E07000199,Tamworth,13,5,8,2023
E07000200,Babergh,8,2,6,2016
E07000200,Babergh,8,2,6,2017
E07000200,Babergh,8,2,6,2018
E07000200,Babergh,8,2,6,2019
E07000200,Babergh,8,2,6,2020
E07000200,Babergh,8,2,6,2021
E07000200,Babergh,9,2,7,2022
E07000200,Babergh,10,2,8,2023
E07000202,Ipswich,21,4,17,2016
E07000202,Ipswich,20,4,16,2017
E07000202,Ipswich,20,4,16,2018
E07000202,Ipswich,19,4,15,2019
E07000202,Ipswich,22,4,18,2020
E07000202,Ipswich,23,4,19,2021
E07000202,Ipswich,24,4,20,2022
E07000202,Ipswich,27,4,23,2023
E07000203,Mid Suffolk,3,1,2,2016
E07000203,Mid Suffolk,3,1,2,2017
E07000203,Mid Suffolk,3,1,2,2018
E07000203,Mid Suffolk,3,1,2,2019
E07000203,Mid Suffolk,3,1,2,2020
E07000203,Mid Suffolk,4,2,2,2021
E07000203,Mid Suffolk,4,2,2,2022
E07000203,Mid Suffolk,4,2,2,2023
E07000207,Elmbridge,19,1,18,2016
E07000207,Elmbridge,18,1,17,2017
E07000207,Elmbridge,18,0,18,2018
E07000207,Elmbridge,19,1,18,2019
E07000207,Elmbridge,20,2,18,2020
E07000207,Elmbridge,22,3,19,2021
E07000207,Elmbridge,22,3,19,2022
E07000207,Elmbridge,22,3,19,2023
E07000208,Epsom and Ewell,8,1,7,2016
E07000208,Epsom and Ewell,9,1,8,2017
E07000208,Epsom and Ewell,10,1,9,2018
E07000208,Epsom and Ewell,10,1,9,2019
E07000208,Epsom and Ewell,10,1,9,2020
E07000208,Epsom and Ewell,11,2,9,2021
E07000208,Epsom and Ewell,11,2,9,2022
E07000208,Epsom and Ewell,11,2,9,2023
E07000209,Guildford,11,1,10,2016
E07000209,Guildford,11,1,10,2017
E07000209,Guildford,11,1,10,2018
E07000209,Guildford,11,1,10,2019
E07000209,Guildford,11,1,10,2020
E07000209,Guildford,13,2,11,2021
E07000209,Guildford,13,2,11,2022
E07000209,Guildford,18,2,16,2023
E07000210,Mole Valley,11,2,9,2016
E07000210,Mole Valley,12,2,10,2017
E07000210,Mole Valley,13,2,11,2018
E07000210,Mole Valley,13,2,11,2019
E07000210,Mole Valley,13,2,11,2020
E07000210,Mole Valley,15,2,13,2021
E07000210,Mole Valley,15,2,13,2022
E07000210,Mole Valley,17,2,15,2023
E07000211,Reigate and Banstead,15,1,14,2016
E07000211,Reigate and Banstead,15,1,14,2017
E07000211,Reigate and Banstead,16,1,15,2018
E07000211,Reigate and Banstead,16,1,15,2019
E07000211,Reigate and Banstead,16,1,15,2020
E07000211,Reigate and Banstead,16,1,15,2021
E07000211,Reigate and Banstead,17,1,16,2022
E07000211,Reigate and Banstead,18,1,17,2023
E07000212,Runnymede,8,0,8,2016
E07000212,Runnymede,10,1,9,2017
E07000212,Runnymede,10,1,9,2018
E07000212,Runnymede,10,1,9,2019
E07000212,Runnymede,10,1,9,2020
E07000212,Runnymede,10,1,9,2021
E07000212,Runnymede,10,1,9,2022
E07000212,Runnymede,10,2,8,2023
E07000213,Spelthorne,9,0,9,2016
E07000213,Spelthorne,8,0,8,2017
E07000213,Spelthorne,9,0,9,2018
E07000213,Spelthorne,10,0,10,2019
E07000213,Spelthorne,11,1,10,2020
E07000213,Spelthorne,12,1,11,2021
E07000213,Spelthorne,13,2,11,2022
E07000213,Spelthorne,13,2,11,2023
E07000214,Surrey Heath,9,1,8,2016
E07000214,Surrey Heath,9,1,8,2017
E07000214,Surrey Heath,9,1,8,2018
E07000214,Surrey Heath,9,1,8,2019
E07000214,Surrey Heath,9,1,8,2020
E07000214,Surrey Heath,9,1,8,2021
E07000214,Surrey Heath,9,1,8,2022
E07000214,Surrey Heath,9,0,9,2023
E07000215,Tandridge,7,0,7,2016
E07000215,Tandridge,7,0,7,2017
E07000215,Tandridge,7,0,7,2018
E07000215,Tandridge,8,0,8,2019
E07000215,Tandridge,9,0,9,2020
E07000215,Tandridge,9,0,9,2021
E07000215,Tandridge,9,0,9,2022
E07000215,Tandridge,11,0,11,2023
E07000216,Waverley,15,1,14,2016
E07000216,Waverley,14,1,13,2017
E07000216,Waverley,14,1,13,2018
E07000216,Waverley,14,1,13,2019
E07000216,Waverley,14,1,13,2020
E07000216,Waverley,14,1,13,2021
E07000216,Waverley,14,1,13,2022
E07000216,Waverley,18,1,17,2023
E07000217,Woking,11,0,11,2016
E07000217,Woking,11,0,11,2017
E07000217,Woking,11,0,11,2018
E07000217,Woking,11,0,11,2019
E07000217,Woking,11,0,11,2020
E07000217,Woking,11,0,11,2021
E07000217,Woking,14,0,14,2022
E07000217,Woking,15,1,14,2023
E07000218,North Warwickshire,4,1,3,2016
E07000218,North Warwickshire,3,1,2,2017
E07000218,North Warwickshire,3,1,2,2018
E07000218,North Warwickshire,4,2,2,2019
E07000218,North Warwickshire,4,2,2,2020
E07000218,North Warwickshire,4,2,2,2021
E07000218,North Warwickshire,4,2,2,2022
E07000218,North Warwickshire,7,2,5,2023
E07000219,Nuneaton and Bedworth,10,3,7,2016
E07000219,Nuneaton and Bedworth,13,5,8,2017
E07000219,Nuneaton and Bedworth,13,5,8,2018
E07000219,Nuneaton and Bedworth,13,5,8,2019
E07000219,Nuneaton and Bedworth,13,5,8,2020
E07000219,Nuneaton and Bedworth,13,5,8,2021
E07000219,Nuneaton and Bedworth,13,5,8,2022
E07000219,Nuneaton and Bedworth,14,5,9,2023
E07000220,Rugby,13,3,10,2016
E07000220,Rugby,13,3,10,2017
E07000220,Rugby,13,3,10,2018
E07000220,Rugby,14,3,11,2019
E07000220,Rugby,14,3,11,2020
E07000220,Rugby,14,3,11,2021
E07000220,Rugby,13,3,10,2022
E07000220,Rugby,13,3,10,2023
E07000221,Stratford-on-Avon,15,2,13,2016
E07000221,Stratford-on-Avon,15,2,13,2017
E07000221,Stratford-on-Avon,15,2,13,2018
E07000221,Stratford-on-Avon,15,2,13,2019
E07000221,Stratford-on-Avon,17,3,14,2020
E07000221,Stratford-on-Avon,17,3,14,2021
E07000221,Stratford-on-Avon,18,3,15,2022
E07000221,Stratford-on-Avon,18,3,15,2023
E07000222,Warwick,19,2,17,2016
E07000222,Warwick,20,2,18,2017
E07000222,Warwick,20,2,18,2018
E07000222,Warwick,20,2,18,2019
E07000222,Warwick,21,2,19,2020
E07000222,Warwick,22,2,20,2021
E07000222,Warwick,24,3,21,2022
E07000222,Warwick,24,3,21,2023
E07000223,Adur,5,1,4,2016
E07000223,Adur,5,1,4,2017
E07000223,Adur,5,1,4,2018
E07000223,Adur,5,1,4,2019
E07000223,Adur,5,1,4,2020
E07000223,Adur,5,1,4,2021
E07000223,Adur,5,1,4,2022
E07000223,Adur,5,1,4,2023
E07000224,Arun,22,2,20,2016
E07000224,Arun,24,3,21,2017
E07000224,Arun,24,3,21,2018
E07000224,Arun,24,3,21,2019
E07000224,Arun,24,3,21,2020
E07000224,Arun,26,4,22,2021
E07000224,Arun,26,4,22,2022
E07000224,Arun,27,4,23,2023
E07000225,Chichester,12,1,11,2016
E07000225,Chichester,16,2,14,2017
E07000225,Chichester,16,2,14,2018
E07000225,Chichester,16,2,14,2019
E07000225,Chichester,16,2,14,2020
E07000225,Chichester,16,2,14,2021
E07000225,Chichester,16,2,14,2022
E07000225,Chichester,17,2,15,2023
E07000226,Crawley,17,2,15,2016
E07000226,Crawley,18,2,16,2017
E07000226,Crawley,18,2,16,2018
E07000226,Crawley,18,2,16,2019
E07000226,Crawley,18,2,16,2020
E07000226,Crawley,17,2,15,2021
E07000226,Crawley,18,2,16,2022
E07000226,Crawley,20,2,18,2023
E07000227,Horsham,10,0,10,2016
E07000227,Horsham,10,0,10,2017
E07000227,Horsham,10,0,10,2018
E07000227,Horsham,10,0,10,2019
E07000227,Horsham,11,1,10,2020
E07000227,Horsham,11,1,10,2021
E07000227,Horsham,14,2,12,2022
E07000227,Horsham,16,2,14,2023
E07000228,Mid Sussex,15,2,13,2016
E07000228,Mid Sussex,17,2,15,2017
E07000228,Mid Sussex,17,2,15,2018
E07000228,Mid Sussex,17,2,15,2019
E07000228,Mid Sussex,18,2,16,2020
E07000228,Mid Sussex,19,2,17,2021
E07000228,Mid Sussex,20,2,18,2022
E07000228,Mid Sussex,21,2,19,2023
E07000229,Worthing,18,1,17,2016
E07000229,Worthing,18,1,17,2017
E07000229,Worthing,18,1,17,2018
E07000229,Worthing,18,1,17,2019
E07000229,Worthing,18,1,17,2020
E07000229,Worthing,19,1,18,2021
E07000229,Worthing,19,1,18,2022
E07000229,Worthing,19,1,18,2023
E07000234,Bromsgrove,8,1,7,2016
E07000234,Bromsgrove,9,1,8,2017
E07000234,Bromsgrove,11,3,8,2018
E07000234,Bromsgrove,11,3,8,2019
E07000234,Bromsgrove,12,3,9,2020
E07000234,Bromsgrove,12,3,9,2021
E07000234,Bromsgrove,12,3,9,2022
E07000234,Bromsgrove,14,3,11,2023
E07000235,Malvern Hills,7,1,6,2016
E07000235,Malvern Hills,8,1,7,2017
E07000235,Malvern Hills,8,1,7,2018
E07000235,Malvern Hills,8,1,7,2019
E07000235,Malvern Hills,8,1,7,2020
E07000235,Malvern Hills,9,1,8,2021
E07000235,Malvern Hills,9,1,8,2022
E07000235,Malvern Hills,12,2,10,2023
E07000236,Redditch,10,2,8,2016
E07000236,Redditch,10,2,8,2017
E07000236,Redditch,9,2,7,2018
E07000236,Redditch,9,2,7,2019
E07000236,Redditch,10,2,8,2020
E07000236,Redditch,11,2,9,2021
E07000236,Redditch,12,3,9,2022
E07000236,Redditch,11,2,9,2023
E07000237,Worcester,16,3,13,2016
E07000237,Worcester,18,5,13,2017
E07000237,Worcester,18,5,13,2018
E07000237,Worcester,19,5,14,2019
E07000237,Worcester,19,5,14,2020
E07000237,Worcester,19,5,14,2021
E07000237,Worcester,19,6,13,2022
E07000237,Worcester,20,6,14,2023
E07000238,Wychavon,13,3,10,2016
E07000238,Wychavon,13,3,10,2017
E07000238,Wychavon,13,3,10,2018
E07000238,Wychavon,16,5,11,2019
E07000238,Wychavon,16,5,11,2020
E07000238,Wychavon,15,4,11,2021
E07000238,Wychavon,15,4,11,2022
E07000238,Wychavon,17,4,13,2023
E07000239,Wyre Forest,16,2,14,2016
E07000239,Wyre Forest,15,2,13,2017
E07000239,Wyre Forest,16,3,13,2018
E07000239,Wyre Forest,16,3,13,2019
E07000239,Wyre Forest,17,3,14,2020
E07000239,Wyre Forest,17,3,14,2021
E07000239,Wyre Forest,17,3,14,2022
E07000239,Wyre Forest,20,3,17,2023
E07000240,St Albans,18,0,18,2016
E07000240,St Albans,18,0,18,2017
E07000240,St Albans,19,0,19,2018
E07000240,St Albans,19,0,19,2019
E07000240,St Albans,19,0,19,2020
E07000240,St Albans,20,1,19,2021
E07000240,St Albans,21,1,20,2022
E07000240,St Albans,23,1,22,2023
E07000241,Welwyn Hatfield,14,2,12,2016
E07000241,Welwyn Hatfield,14,2,12,2017
E07000241,Welwyn Hatfield,15,3,12,2018
E07000241,Welwyn Hatfield,16,4,12,2019
E07000241,Welwyn Hatfield,16,3,13,2020
E07000241,Welwyn Hatfield,17,3,14,2021
E07000241,Welwyn Hatfield,16,3,13,2022
E07000241,Welwyn Hatfield,17,3,14,2023
E07000242,East Hertfordshire,16,1,15,2016
E07000242,East Hertfordshire,15,1,14,2017
E07000242,East Hertfordshire,15,1,14,2018
E07000242,East Hertfordshire,15,1,14,2019
E07000242,East Hertfordshire,16,2,14,2020
E07000242,East Hertfordshire,16,2,14,2021
E07000242,East Hertfordshire,16,2,14,2022
E07000242,East Hertfordshire,16,2,14,2023
E07000243,Stevenage,11,1,10,2016
E07000243,Stevenage,10,1,9,2017
E07000243,Stevenage,10,1,9,2018
E07000243,Stevenage,9,1,8,2019
E07000243,Stevenage,10,1,9,2020
E07000243,Stevenage,11,1,10,2021
E07000243,Stevenage,12,1,11,2022
E07000243,Stevenage,15,1,14,2023
E07000244,East Suffolk,25,3,22,2016
E07000244,East Suffolk,25,2,23,2017
E07000244,East Suffolk,27,4,23,2018
E07000244,East Suffolk,28,6,22,2019
E07000244,East Suffolk,29,7,22,2020
E07000244,East Suffolk,30,7,23,2021
E07000244,East Suffolk,31,7,24,2022
E07000244,East Suffolk,35,7,28,2023
E07000245,West Suffolk,22,3,19,2016
E07000245,West Suffolk,23,4,19,2017
E07000245,West Suffolk,22,4,18,2018
E07000245,West Suffolk,21,4,17,2019
E07000245,West Suffolk,22,4,18,2020
E07000245,West Suffolk,23,5,18,2021
E07000245,West Suffolk,25,5,20,2022
E07000245,West Suffolk,26,5,21,2023
E08000001,Bolton,30,7,23,2016
E08000001,Bolton,32,8,24,2017
E08000001,Bolton,32,8,24,2018
E08000001,Bolton,33,9,24,2019
E08000001,Bolton,37,11,26,2020
E08000001,Bolton,38,12,26,2021
E08000001,Bolton,39,12,27,2022
E08000001,Bolton,42,12,30,2023
E08000002,Bury,24,7,17,2016
E08000002,Bury,25,7,18,2017
E08000002,Bury,25,8,17,2018
E08000002,Bury,25,8,17,2019
E08000002,Bury,27,8,19,2020
E08000002,Bury,27,8,19,2021
E08000002,Bury,27,8,19,2022
E08000002,Bury,34,8,26,2023
E08000003,Manchester,79,14,65,2016
E08000003,Manchester,84,14,70,2017
E08000003,Manchester,85,15,70,2018
E08000003,Manchester,84,17,67,2019
E08000003,Manchester,88,16,72,2020
E08000003,Manchester,91,17,74,2021
E08000003,Manchester,90,17,73,2022
E08000003,Manchester,98,17,81,2023
E08000004,Oldham,21,4,17,2016
E08000004,Oldham,23,5,18,2017
E08000004,Oldham,23,5,18,2018
E08000004,Oldham,23,5,18,2019
E08000004,Oldham,23,5,18,2020
E08000004,Oldham,22,5,17,2021
E08000004,Oldham,22,5,17,2022
E08000004,Oldham,25,7,18,2023
E08000005,Rochdale,28,8,20,2016
E08000005,Rochdale,29,8,21,2017
E08000005,Rochdale,29,8,21,2018
E08000005,Rochdale,29,9,20,2019
E08000005,Rochdale,31,8,23,2020
E08000005,Rochdale,32,8,24,2021
E08000005,Rochdale,33,8,25,2022
E08000005,Rochdale,34,8,26,2023
E08000006,Salford,28,7,21,2016
E08000006,Salford,30,7,23,2017
E08000006,Salford,30,7,23,2018
E08000006,Salford,31,7,24,2019
E08000006,Salford,35,9,26,2020
E08000006,Salford,37,10,27,2021
E08000006,Salford,39,11,28,2022
E08000006,Salford,43,11,32,2023
E08000007,Stockport,35,7,28,2016
E08000007,Stockport,37,8,29,2017
E08000007,Stockport,36,8,28,2018
E08000007,Stockport,36,8,28,2019
E08000007,Stockport,36,8,28,2020
E08000007,Stockport,35,8,27,2021
E08000007,Stockport,38,8,30,2022
E08000007,Stockport,50,8,42,2023
E08000008,Tameside,25,5,20,2016
E08000008,Tameside,25,5,20,2017
E08000008,Tameside,24,5,19,2018
E08000008,Tameside,24,5,19,2019
E08000008,Tameside,24,5,19,2020
E08000008,Tameside,26,6,20,2021
E08000008,Tameside,25,6,19,2022
E08000008,Tameside,29,6,23,2023
E08000009,Trafford,34,4,30,2016
E08000009,Trafford,37,5,32,2017
E08000009,Trafford,37,5,32,2018
E08000009,Trafford,37,6,31,2019
E08000009,Trafford,39,7,32,2020
E08000009,Trafford,38,7,31,2021
E08000009,Trafford,40,7,33,2022
E08000009,Trafford,45,7,38,2023
E08000010,Wigan,37,11,26,2016
E08000010,Wigan,39,12,27,2017
E08000010,Wigan,39,12,27,2018
E08000010,Wigan,41,13,28,2019
E08000010,Wigan,42,12,30,2020
E08000010,Wigan,45,13,32,2021
E08000010,Wigan,49,14,35,2022
E08000010,Wigan,62,15,47,2023
E08000011,Knowsley,11,3,8,2016
E08000011,Knowsley,11,3,8,2017
E08000011,Knowsley,11,3,8,2018
E08000011,Knowsley,11,3,8,2019
E08000011,Knowsley,13,4,9,2020
E08000011,Knowsley,14,4,10,2021
E08000011,Knowsley,16,4,12,2022
E08000011,Knowsley,19,4,15,2023
E08000012,Liverpool,72,9,63,2016
E08000012,Liverpool,81,12,69,2017
E08000012,Liverpool,80,12,68,2018
E08000012,Liverpool,82,14,68,2019
E08000012,Liverpool,88,15,73,2020
E08000012,Liverpool,90,15,75,2021
E08000012,Liverpool,93,18,75,2022
E08000012,Liverpool,95,20,75,2023
E08000013,St. Helens,20,5,15,2016
E08000013,St. Helens,20,6,14,2017
E08000013,St. Helens,20,7,13,2018
E08000013,St. Helens,22,7,15,2019
E08000013,St. Helens,24,7,17,2020
E08000013,St. Helens,24,7,17,2021
E08000013,St. Helens,23,7,16,2022
E08000013,St. Helens,29,7,22,2023
E08000014,Sefton,39,8,31,2016
E08000014,Sefton,38,8,30,2017
E08000014,Sefton,38,8,30,2018
E08000014,Sefton,39,9,30,2019
E08000014,Sefton,41,9,32,2020
E08000014,Sefton,42,9,33,2021
E08000014,Sefton,46,10,36,2022
E08000014,Sefton,51,10,41,2023
E08000015,Wirral,42,9,33,2016
E08000015,Wirral,50,11,39,2017
E08000015,Wirral,49,11,38,2018
E08000015,Wirral,49,11,38,2019
E08000015,Wirral,51,11,40,2020
E08000015,Wirral,52,12,40,2021
E08000015,Wirral,57,12,45,2022
E08000015,Wirral,65,11,54,2023
E08000016,Barnsley,32,7,25,2016
E08000016,Barnsley,32,8,24,2017
E08000016,Barnsley,31,8,23,2018
E08000016,Barnsley,31,8,23,2019
E08000016,Barnsley,34,10,24,2020
E08000016,Barnsley,37,11,26,2021
E08000016,Barnsley,37,11,26,2022
E08000016,Barnsley,38,10,28,2023
E08000017,Doncaster,41,4,37,2016
E08000017,Doncaster,41,7,34,2017
E08000017,Doncaster,42,8,34,2018
E08000017,Doncaster,43,9,34,2019
E08000017,Doncaster,43,10,33,2020
E08000017,Doncaster,45,11,34,2021
E08000017,Doncaster,45,11,34,2022
E08000017,Doncaster,47,12,35,2023
E08000018,Rotherham,27,5,22,2016
E08000018,Rotherham,29,6,23,2017
E08000018,Rotherham,29,6,23,2018
E08000018,Rotherham,28,6,22,2019
E08000018,Rotherham,31,8,23,2020
E08000018,Rotherham,35,9,26,2021
E08000018,Rotherham,34,8,26,2022
E08000018,Rotherham,40,9,31,2023
E08000019,Sheffield,72,11,61,2016
E08000019,Sheffield,80,13,67,2017
E08000019,Sheffield,80,13,67,2018
E08000019,Sheffield,81,13,68,2019
E08000019,Sheffield,84,13,71,2020
E08000019,Sheffield,84,14,70,2021
E08000019,Sheffield,86,14,72,2022
E08000019,Sheffield,89,16,73,2023
E08000021,Newcastle upon Tyne,54,6,48,2016
E08000021,Newcastle upon Tyne,54,6,48,2017
E08000021,Newcastle upon Tyne,56,7,49,2018
E08000021,Newcastle upon Tyne,56,7,49,2019
E08000021,Newcastle upon Tyne,58,8,50,2020
E08000021,Newcastle upon Tyne,58,8,50,2021
E08000021,Newcastle upon Tyne,59,9,50,2022
E08000021,Newcastle upon Tyne,61,10,51,2023
E08000022,North Tyneside,23,4,19,2016
E08000022,North Tyneside,25,6,19,2017
E08000022,North Tyneside,25,6,19,2018
E08000022,North Tyneside,26,7,19,2019
E08000022,North Tyneside,27,7,20,2020
E08000022,North Tyneside,29,9,20,2021
E08000022,North Tyneside,30,9,21,2022
E08000022,North Tyneside,30,9,21,2023
E08000023,South Tyneside,17,3,14,2016
E08000023,South Tyneside,17,3,14,2017
E08000023,South Tyneside,17,3,14,2018
E08000023,South Tyneside,18,4,14,2019
E08000023,South Tyneside,19,4,15,2020
E08000023,South Tyneside,19,4,15,2021
E08000023,South Tyneside,21,4,17,2022
E08000023,South Tyneside,23,4,19,2023
E08000024,Sunderland,31,9,22,2016
E08000024,Sunderland,33,11,22,2017
E08000024,Sunderland,33,11,22,2018
E08000024,Sunderland,33,11,22,2019
E08000024,Sunderland,38,13,25,2020
E08000024,Sunderland,38,12,26,2021
E08000024,Sunderland,38,12,26,2022
E08000024,Sunderland,39,12,27,2023
E08000025,Birmingham,114,24,90,2016
E08000025,Birmingham,119,24,95,2017
E08000025,Birmingham,119,24,95,2018
E08000025,Birmingham,119,24,95,2019
E08000025,Birmingham,125,25,100,2020
E08000025,Birmingham,130,28,102,2021
E08000025,Birmingham,134,30,104,2022
E08000025,Birmingham,142,31,111,2023
E08000026,Coventry,30,6,24,2016
E08000026,Coventry,36,9,27,2017
E08000026,Coventry,36,9,27,2018
E08000026,Coventry,36,9,27,2019
E08000026,Coventry,39,8,31,2020
E08000026,Coventry,40,8,32,2021
E08000026,Coventry,40,8,32,2022
E08000026,Coventry,45,10,35,2023
E08000027,Dudley,39,10,29,2016
E08000027,Dudley,40,11,29,2017
E08000027,Dudley,41,12,29,2018
E08000027,Dudley,43,13,30,2019
E08000027,Dudley,44,13,31,2020
E08000027,Dudley,45,13,32,2021
E08000027,Dudley,45,14,31,2022
E08000027,Dudley,47,14,33,2023
E08000028,Sandwell,31,9,22,2016
E08000028,Sandwell,31,9,22,2017
E08000028,Sandwell,32,9,23,2018
E08000028,Sandwell,33,9,24,2019
E08000028,Sandwell,35,10,25,2020
E08000028,Sandwell,35,10,25,2021
E08000028,Sandwell,35,9,26,2022
E08000028,Sandwell,35,9,26,2023
E08000029,Solihull,28,2,26,2016
E08000029,Solihull,28,2,26,2017
E08000029,Solihull,28,2,26,2018
E08000029,Solihull,28,1,27,2019
E08000029,Solihull,29,4,25,2020
E08000029,Solihull,29,4,25,2021
E08000029,Solihull,28,4,24,2022
E08000029,Solihull,31,4,27,2023
E08000030,Walsall,23,4,19,2016
E08000030,Walsall,23,4,19,2017
E08000030,Walsall,22,4,18,2018
E08000030,Walsall,24,5,19,2019
E08000030,Walsall,26,5,21,2020
E08000030,Walsall,28,5,23,2021
E08000030,Walsall,29,6,23,2022
E08000030,Walsall,29,6,23,2023
E08000031,Wolverhampton,29,7,22,2016
E08000031,Wolverhampton,27,7,20,2017
E08000031,Wolverhampton,27,7,20,2018
E08000031,Wolverhampton,29,8,21,2019
E08000031,Wolverhampton,31,9,22,2020
E08000031,Wolverhampton,31,9,22,2021
E08000031,Wolverhampton,31,9,22,2022
E08000031,Wolverhampton,34,9,25,2023
E08000032,Bradford,47,8,39,2016
E08000032,Bradford,51,10,41,2017
E08000032,Bradford,49,10,39,2018
E08000032,Bradford,52,12,40,2019
E08000032,Bradford,54,13,41,2020
E08000032,Bradford,57,14,43,2021
E08000032,Bradford,60,15,45,2022
E08000032,Bradford,65,15,50,2023
E08000033,Calderdale,22,6,16,2016
E08000033,Calderdale,24,7,17,2017
E08000033,Calderdale,24,7,17,2018
E08000033,Calderdale,24,7,17,2019
E08000033,Calderdale,25,7,18,2020
E08000033,Calderdale,27,8,19,2021
E08000033,Calderdale,28,8,20,2022
E08000033,Calderdale,31,8,23,2023
E08000034,Kirklees,44,11,33,2016
E08000034,Kirklees,45,10,35,2017
E08000034,Kirklees,46,11,35,2018
E08000034,Kirklees,47,12,35,2019
E08000034,Kirklees,48,12,36,2020
E08000034,Kirklees,48,12,36,2021
E08000034,Kirklees,49,12,37,2022
E08000034,Kirklees,55,14,41,2023
E08000035,Leeds,107,12,95,2016
E08000035,Leeds,113,16,97,2017
E08000035,Leeds,116,18,98,2018
E08000035,Leeds,120,21,99,2019
E08000035,Leeds,123,21,102,2020
E08000035,Leeds,128,22,106,2021
E08000035,Leeds,130,21,109,2022
E08000035,Leeds,136,21,115,2023
E08000036,Wakefield,46,8,38,2016
E08000036,Wakefield,47,9,38,2017
E08000036,Wakefield,47,10,37,2018
E08000036,Wakefield,49,12,37,2019
E08000036,Wakefield,53,12,41,2020
E08000036,Wakefield,53,12,41,2021
E08000036,Wakefield,55,12,43,2022
E08000036,Wakefield,57,13,44,2023
E08000037,Gateshead,22,5,17,2016
E08000037,Gateshead,22,5,17,2017
E08000037,Gateshead,24,7,17,2018
E08000037,Gateshead,25,8,17,2019
E08000037,Gateshead,26,8,18,2020
E08000037,Gateshead,27,8,19,2021
E08000037,Gateshead,27,8,19,2022
E08000037,Gateshead,27,8,19,2023
E09000001,City of London,32,0,32,2016
E09000001,City of London,32,0,32,2017
E09000001,City of London,32,0,32,2018
E09000001,City of London,32,0,32,2019
E09000001,City of London,32,0,32,2020
E09000001,City of London,30,0,30,2021
E09000001,City of London,30,0,30,2022
E09000001,City of London,28,0,28,2023
E09000002,Barking and Dagenham,19,4,15,2016
E09000002,Barking and Dagenham,19,4,15,2017
E09000002,Barking and Dagenham,19,4,15,2018
E09000002,Barking and Dagenham,19,4,15,2019
E09000002,Barking and Dagenham,19,4,15,2020
E09000002,Barking and Dagenham,20,5,15,2021
E09000002,Barking and Dagenham,20,5,15,2022
E09000002,Barking and Dagenham,20,5,15,2023
E09000003,Barnet,44,2,42,2016
E09000003,Barnet,48,2,46,2017
E09000003,Barnet,48,2,46,2018
E09000003,Barnet,49,3,46,2019
E09000003,Barnet,50,3,47,2020
E09000003,Barnet,49,3,46,2021
E09000003,Barnet,49,3,46,2022
E09000003,Barnet,50,3,47,2023
E09000004,Bexley,29,3,26,2016
E09000004,Bexley,30,4,26,2017
E09000004,Bexley,30,4,26,2018
E09000004,Bexley,31,5,26,2019
E09000004,Bexley,31,5,26,2020
E09000004,Bexley,31,5,26,2021
E09000004,Bexley,31,5,26,2022
E09000004,Bexley,32,5,27,2023
E09000005,Brent,35,3,32,2016
E09000005,Brent,36,3,33,2017
E09000005,Brent,37,4,33,2018
E09000005,Brent,38,4,34,2019
E09000005,Brent,38,4,34,2020
E09000005,Brent,39,4,35,2021
E09000005,Brent,42,5,37,2022
E09000005,Brent,44,5,39,2023
E09000006,Bromley,43,4,39,2016
E09000006,Bromley,44,5,39,2017
E09000006,Bromley,44,5,39,2018
E09000006,Bromley,46,6,40,2019
E09000006,Bromley,44,5,39,2020
E09000006,Bromley,48,6,42,2021
E09000006,Bromley,49,8,41,2022
E09000006,Bromley,49,8,41,2023
E09000007,Camden,59,3,56,2016
E09000007,Camden,57,3,54,2017
E09000007,Camden,58,3,55,2018
E09000007,Camden,59,4,55,2019
E09000007,Camden,61,5,56,2020
E09000007,Camden,62,5,57,2021
E09000007,Camden,63,5,58,2022
E09000007,Camden,63,5,58,2023
E09000008,Croydon,43,8,35,2016
E09000008,Croydon,45,8,37,2017
E09000008,Croydon,45,8,37,2018
E09000008,Croydon,46,9,37,2019
E09000008,Croydon,50,10,40,2020
E09000008,Croydon,52,11,41,2021
E09000008,Croydon,55,12,43,2022
E09000008,Croydon,58,12,46,2023
E09000009,Ealing,33,4,29,2016
E09000009,Ealing,37,4,33,2017
E09000009,Ealing,37,4,33,2018
E09000009,Ealing,38,5,33,2019
E09000009,Ealing,40,7,33,2020
E09000009,Ealing,40,7,33,2021
E09000009,Ealing,40,7,33,2022
E09000009,Ealing,43,7,36,2023
E09000010,Enfield,33,4,29,2016
E09000010,Enfield,34,5,29,2017
E09000010,Enfield,34,5,29,2018
E09000010,Enfield,34,5,29,2019
E09000010,Enfield,34,5,29,2020
E09000010,Enfield,35,5,30,2021
E09000010,Enfield,35,6,29,2022
E09000010,Enfield,35,6,29,2023
E09000011,Greenwich,35,4,31,2016
E09000011,Greenwich,37,5,32,2017
E09000011,Greenwich,37,5,32,2018
E09000011,Greenwich,40,5,35,2019
E09000011,Greenwich,42,7,35,2020
E09000011,Greenwich,44,7,37,2021
E09000011,Greenwich,45,8,37,2022
E09000011,Greenwich,45,8,37,2023
E09000012,Hackney,32,1,31,2016
E09000012,Hackney,33,1,32,2017
E09000012,Hackney,34,1,33,2018
E09000012,Hackney,35,1,34,2019
E09000012,Hackney,34,1,33,2020
E09000012,Hackney,36,2,34,2021
E09000012,Hackney,37,2,35,2022
E09000012,Hackney,36,2,34,2023
E09000013,Hammersmith and Fulham,42,0,42,2016
E09000013,Hammersmith and Fulham,42,0,42,2017
E09000013,Hammersmith and Fulham,42,1,41,2018
E09000013,Hammersmith and Fulham,42,1,41,2019
E09000013,Hammersmith and Fulham,42,1,41,2020
E09000013,Hammersmith and Fulham,42,2,40,2021
E09000013,Hammersmith and Fulham,42,2,40,2022
E09000013,Hammersmith and Fulham,43,2,41,2023
E09000014,Haringey,36,4,32,2016
E09000014,Haringey,35,4,31,2017
E09000014,Haringey,36,4,32,2018
E09000014,Haringey,36,4,32,2019
E09000014,Haringey,37,4,33,2020
E09000014,Haringey,39,5,34,2021
E09000014,Haringey,40,5,35,2022
E09000014,Haringey,41,5,36,2023
E09000015,Harrow,34,3,31,2016
E09000015,Harrow,35,3,32,2017
E09000015,Harrow,35,3,32,2018
E09000015,Harrow,35,3,32,2019
E09000015,Harrow,37,5,32,2020
E09000015,Harrow,37,6,31,2021
E09000015,Harrow,37,6,31,2022
E09000015,Harrow,38,6,32,2023
E09000016,Havering,34,5,29,2016
E09000016,Havering,34,5,29,2017
E09000016,Havering,34,5,29,2018
E09000016,Havering,36,7,29,2019
E09000016,Havering,36,7,29,2020
E09000016,Havering,36,7,29,2021
E09000016,Havering,36,7,29,2022
E09000016,Havering,38,7,31,2023
E09000017,Hillingdon,35,3,32,2016
E09000017,Hillingdon,41,6,35,2017
E09000017,Hillingdon,41,7,34,2018
E09000017,Hillingdon,42,8,34,2019
E09000017,Hillingdon,43,8,35,2020
E09000017,Hillingdon,43,8,35,2021
E09000017,Hillingdon,43,8,35,2022
E09000017,Hillingdon,44,8,36,2023
E09000018,Hounslow,35,3,32,2016
E09000018,Hounslow,36,3,33,2017
E09000018,Hounslow,36,3,33,2018
E09000018,Hounslow,37,3,34,2019
E09000018,Hounslow,38,3,35,2020
E09000018,Hounslow,39,3,36,2021
E09000018,Hounslow,41,5,36,2022
E09000018,Hounslow,43,5,38,2023
E09000019,Islington,45,0,45,2016
E09000019,Islington,46,0,46,2017
E09000019,Islington,46,0,46,2018
E09000019,Islington,48,1,47,2019
E09000019,Islington,51,2,49,2020
E09000019,Islington,51,3,48,2021
E09000019,Islington,55,4,51,2022
E09000019,Islington,54,4,50,2023
E09000020,Kensington and Chelsea,33,0,33,2016
E09000020,Kensington and Chelsea,32,0,32,2017
E09000020,Kensington and Chelsea,32,0,32,2018
E09000020,Kensington and Chelsea,32,0,32,2019
E09000020,Kensington and Chelsea,32,0,32,2020
E09000020,Kensington and Chelsea,31,0,31,2021
E09000020,Kensington and Chelsea,31,0,31,2022
E09000020,Kensington and Chelsea,31,0,31,2023
E09000021,Kingston upon Thames,28,4,24,2016
E09000021,Kingston upon Thames,27,4,23,2017
E09000021,Kingston upon Thames,28,4,24,2018
E09000021,Kingston upon Thames,28,4,24,2019
E09000021,Kingston upon Thames,29,4,25,2020
E09000021,Kingston upon Thames,29,4,25,2021
E09000021,Kingston upon Thames,30,4,26,2022
E09000021,Kingston upon Thames,31,5,26,2023
E09000022,Lambeth,65,3,62,2016
E09000022,Lambeth,63,3,60,2017
E09000022,Lambeth,66,4,62,2018
E09000022,Lambeth,67,4,63,2019
E09000022,Lambeth,67,4,63,2020
E09000022,Lambeth,68,4,64,2021
E09000022,Lambeth,68,4,64,2022
E09000022,Lambeth,67,4,63,2023
E09000023,Lewisham,35,6,29,2016
E09000023,Lewisham,38,6,32,2017
E09000023,Lewisham,38,6,32,2018
E09000023,Lewisham,39,6,33,2019
E09000023,Lewisham,40,7,33,2020
E09000023,Lewisham,41,7,34,2021
E09000023,Lewisham,41,7,34,2022
E09000023,Lewisham,44,7,37,2023
E09000024,Merton,32,4,28,2016
E09000024,Merton,32,5,27,2017
E09000024,Merton,32,5,27,2018
E09000024,Merton,34,7,27,2019
E09000024,Merton,35,8,27,2020
E09000024,Merton,35,8,27,2021
E09000024,Merton,35,8,27,2022
E09000024,Merton,35,8,27,2023
E09000025,Newham,31,3,28,2016
E09000025,Newham,32,3,29,2017
E09000025,Newham,33,3,30,2018
E09000025,Newham,34,3,31,2019
E09000025,Newham,36,4,32,2020
E09000025,Newham,37,4,33,2021
E09000025,Newham,38,5,33,2022
E09000025,Newham,39,5,34,2023
E09000026,Redbridge,28,6,22,2016
E09000026,Redbridge,30,7,23,2017
E09000026,Redbridge,30,6,24,2018
E09000026,Redbridge,30,6,24,2019
E09000026,Redbridge,30,6,24,2020
E09000026,Redbridge,30,6,24,2021
E09000026,Redbridge,30,6,24,2022
E09000026,Redbridge,31,6,25,2023
E09000027,Richmond upon Thames,34,1,33,2016
E09000027,Richmond upon Thames,36,1,35,2017
E09000027,Richmond upon Thames,36,1,35,2018
E09000027,Richmond upon Thames,36,1,35,2019
E09000027,Richmond upon Thames,39,2,37,2020
E09000027,Richmond upon Thames,42,3,39,2021
E09000027,Richmond upon Thames,42,3,39,2022
E09000027,Richmond upon Thames,42,3,39,2023
E09000028,Southwark,51,3,48,2016
E09000028,Southwark,57,3,54,2017
E09000028,Southwark,58,3,55,2018
E09000028,Southwark,57,3,54,2019
E09000028,Southwark,61,5,56,2020
E09000028,Southwark,62,5,57,2021
E09000028,Southwark,62,4,58,2022
E09000028,Southwark,60,4,56,2023
E09000029,Sutton,24,1,23,2016
E09000029,Sutton,25,1,24,2017
E09000029,Sutton,27,2,25,2018
E09000029,Sutton,27,2,25,2019
E09000029,Sutton,27,2,25,2020
E09000029,Sutton,29,4,25,2021
E09000029,Sutton,30,5,25,2022
E09000029,Sutton,31,5,26,2023
E09000030,Tower Hamlets,44,1,43,2016
E09000030,Tower Hamlets,46,1,45,2017
E09000030,Tower Hamlets,46,1,45,2018
E09000030,Tower Hamlets,46,1,45,2019
E09000030,Tower Hamlets,46,1,45,2020
E09000030,Tower Hamlets,48,1,47,2021
E09000030,Tower Hamlets,49,1,48,2022
E09000030,Tower Hamlets,50,1,49,2023
E09000031,Waltham Forest,26,1,25,2016
E09000031,Waltham Forest,28,2,26,2017
E09000031,Waltham Forest,30,4,26,2018
E09000031,Waltham Forest,30,3,27,2019
E09000031,Waltham Forest,30,3,27,2020
E09000031,Waltham Forest,31,3,28,2021
E09000031,Waltham Forest,32,4,28,2022
E09000031,Waltham Forest,34,4,30,2023
E09000032,Wandsworth,52,4,48,2016
E09000032,Wandsworth,55,4,51,2017
E09000032,Wandsworth,54,4,50,2018
E09000032,Wandsworth,55,5,50,2019
E09000032,Wandsworth,57,5,52,2020
E09000032,Wandsworth,60,6,54,2021
E09000032,Wandsworth,60,5,55,2022
E09000032,Wandsworth,63,5,58,2023
E09000033,Westminster,68,0,68,2016
E09000033,Westminster,70,0,70,2017
E09000033,Westminster,70,0,70,2018
E09000033,Westminster,69,0,69,2019
E09000033,Westminster,69,0,69,2020
E09000033,Westminster,71,1,70,2021
E09000033,Westminster,72,1,71,2022
E09000033,Westminster,70,1,69,2023
