la_code,la_name,year,tot,tot_new,tot_old,claimants_december,claimants_annual,pop_total,pop_65plus,vacancy_rate
S12000005,Clackmannanshire,2016,15,2,13,840.0,859.6,51540.0,8967.0,
S12000005,Clackmannanshire,2017,15,2,13,1160.0,987.9,51630.0,8939.0,
S12000005,Clackmannanshire,2018,15,2,13,1295.0,1343.8,51540.0,8902.0,
S12000005,Clackmannanshire,2019,15,2,13,1305.0,1337.1,51660.0,8891.0,
S12000005,Clackmannanshire,2020,14,2,12,2065.0,1935.8,51400.0,8836.0,0.065
S12000005,Clackmannanshire,2021,14,2,12,1370.0,1747.1,51600.0,8783.0,0.099
S12000005,Clackmannanshire,2022,14,2,12,1175.0,1210.8,51750.0,8697.0,0.083
S12000005,Clackmannanshire,2023,15,2,13,1120.0,1158.3,52020.0,8741.0,0.068
S12000006,Dumfries and Galloway,2016,29,5,24,1455.0,1533.3,148390.0,23003.0,
S12000006,Dumfries and Galloway,2017,30,6,24,1580.0,1553.8,147810.0,22836.0,
S12000006,Dumfries and Galloway,2018,30,6,24,2230.0,1795.4,146990.0,22765.0,
S12000006,Dumfries and Galloway,2019,30,6,24,2725.0,2630.4,146810.0,22684.0,
S12000006,Dumfries and Galloway,2020,31,6,25,4435.0,4317.1,146090.0,22630.0,0.042
S12000006,Dumfries and Galloway,2021,30,6,24,3175.0,3922.5,146250.0,22479.0,0.073
S12000006,Dumfries and Galloway,2022,30,6,24,2555.0,2685.8,145770.0,22096.0,0.074
S12000006,Dumfries and Galloway,2023,31,6,25,2390.0,2490.4,145890.0,21896.0,0.07
S12000008,East Ayrshire,2016,24,2,22,2510.0,2526.2,121580.0,21016.0,
S12000008,East Ayrshire,2017,23,2,21,2525.0,2513.8,121150.0,20907.0,
S12000008,East Ayrshire,2018,23,2,21,3635.0,3321.2,120810.0,20873.0,
S12000008,East Ayrshire,2019,24,3,21,3620.0,3713.8,120870.0,20783.0,
S12000008,East Ayrshire,2020,24,2,22,5615.0,5313.8,120340.0,20631.0,0.046
S12000008,East Ayrshire,2021,26,4,22,4090.0,4965.0,120500.0,20514.0,0.059
S12000008,East Ayrshire,2022,27,4,23,3125.0,3402.5,120400.0,20371.0,0.066
S12000008,East Ayrshire,2023,28,4,24,2935.0,3116.7,120870.0,20286.0,0.068
S12000010,East Lothian,2016,29,6,23,1270.0,1102.9,105170.0,19176.0,
S12000010,East Lothian,2017,29,6,23,1765.0,1655.4,106080.0,19307.0,
S12000010,East Lothian,2018,29,6,23,1830.0,1840.4,107070.0,19619.0,
S12000010,East Lothian,2019,29,6,23,1750.0,1767.5,108510.0,19997.0,
S12000010,East Lothian,2020,28,6,22,3220.0,2993.3,109510.0,19978.0,0.069
S12000010,East Lothian,2021,29,6,23,2130.0,2824.6,111340.0,20094.0,0.118
S12000010,East Lothian,2022,29,6,23,1480.0,1642.5,112460.0,20161.0,0.112
S12000010,East Lothian,2023,31,6,25,1545.0,1545.4,113810.0,20239.0,0.095
S12000011,East Renfrewshire,2016,13,1,12,685.0,672.5,93880.0,18269.0,
S12000011,East Renfrewshire,2017,20,2,18,645.0,668.3,94810.0,18619.0,
S12000011,East Renfrewshire,2018,20,2,18,710.0,681.2,95070.0,18853.0,
S12000011,East Renfrewshire,2019,21,3,18,960.0,892.1,95410.0,19008.0,
S12000011,East Renfrewshire,2020,21,3,18,2135.0,1905.0,95820.0,19167.0,0.039
S12000011,East Renfrewshire,2021,22,3,19,1235.0,1708.3,96210.0,19220.0,0.07
S12000011,East Renfrewshire,2022,22,3,19,955.0,1030.0,97170.0,19439.0,0.063
S12000011,East Renfrewshire,2023,22,3,19,985.0,1014.6,98760.0,19797.0,0.075
S12000013,Na h-Eileanan Siar,2016,7,0,7,305.0,328.3,26700.0,4222.0,
S12000013,Na h-Eileanan Siar,2017,7,0,7,270.0,289.6,26690.0,4259.0,
S12000013,Na h-Eileanan Siar,2018,7,0,7,290.0,259.6,26500.0,4234.0,
S12000013,Na h-Eileanan Siar,2019,7,0,7,400.0,336.7,26340.0,4174.0,
S12000013,Na h-Eileanan Siar,2020,7,0,7,755.0,721.2,26080.0,4060.0,0.053
S12000013,Na h-Eileanan Siar,2021,7,0,7,460.0,614.2,26160.0,3984.0,0.098
S12000013,Na h-Eileanan Siar,2022,7,0,7,290.0,362.1,26120.0,3956.0,0.089
S12000013,Na h-Eileanan Siar,2023,7,0,7,280.0,289.6,26040.0,3859.0,0.128
S12000014,Falkirk,2016,33,5,28,2190.0,2228.8,158660.0,27967.0,
S12000014,Falkirk,2017,32,5,27,2190.0,2307.5,159240.0,27875.0,
S12000014,Falkirk,2018,31,5,26,3080.0,2736.2,159090.0,27763.0,
S12000014,Falkirk,2019,31,5,26,3300.0,3285.0,159530.0,27720.0,
S12000014,Falkirk,2020,30,5,25,5815.0,5326.2,158990.0,27530.0,0.058
S12000014,Falkirk,2021,30,5,25,3755.0,5002.5,158760.0,27213.0,0.095
S12000014,Falkirk,2022,32,5,27,3120.0,3264.6,158450.0,26959.0,0.101
S12000014,Falkirk,2023,34,5,29,2780.0,2979.2,159020.0,26824.0,0.086
S12000017,Highland,2016,79,9,70,2465.0,2276.7,234570.0,39286.0,
S12000017,Highland,2017,79,9,70,3380.0,2965.4,234800.0,38828.0,
S12000017,Highland,2018,82,11,71,3510.0,3590.0,234530.0,38594.0,
S12000017,Highland,2019,82,11,71,3540.0,3512.5,234510.0,38446.0,
S12000017,Highland,2020,82,11,71,7200.0,6735.8,233910.0,37986.0,0.049
S12000017,Highland,2021,82,11,71,4205.0,5930.0,235850.0,37601.0,0.085
S12000017,Highland,2022,83,11,72,3340.0,3583.3,235710.0,37243.0,0.086
S12000017,Highland,2023,86,11,75,3160.0,3306.2,236520.0,37017.0,0.072
S12000018,Inverclyde,2016,16,3,13,1215.0,1476.7,80110.0,12730.0,
S12000018,Inverclyde,2017,17,4,13,2360.0,2138.8,79820.0,12564.0,
S12000018,Inverclyde,2018,18,4,14,2400.0,2553.3,79350.0,12454.0,
S12000018,Inverclyde,2019,19,4,15,2160.0,2364.6,79150.0,12435.0,
S12000018,Inverclyde,2020,19,4,15,2890.0,2882.5,78580.0,12238.0,0.057
S12000018,Inverclyde,2021,20,4,16,2275.0,2717.5,78390.0,12034.0,0.074
S12000018,Inverclyde,2022,20,4,16,1805.0,1935.8,78350.0,11996.0,0.073
S12000018,Inverclyde,2023,20,4,16,1725.0,1779.6,78780.0,12150.0,0.068
S12000019,Midlothian,2016,18,2,16,860.0,900.0,89470.0,16687.0,
S12000019,Midlothian,2017,18,2,16,1405.0,1122.5,91000.0,16944.0,
S12000019,Midlothian,2018,18,2,16,1350.0,1453.8,92220.0,17312.0,
S12000019,Midlothian,2019,18,2,16,1370.0,1393.3,93420.0,17674.0,
S12000019,Midlothian,2020,19,2,17,2905.0,2603.8,94180.0,17781.0,0.052
S12000019,Midlothian,2021,20,3,17,1735.0,2469.2,95670.0,17970.0,0.09
S12000019,Midlothian,2022,21,4,17,1300.0,1414.6,97040.0,18286.0,0.093
S12000019,Midlothian,2023,22,4,18,1320.0,1342.5,98370.0,18573.0,0.084
S12000020,Moray,2016,25,4,21,960.0,970.8,95110.0,15999.0,
S12000020,Moray,2017,23,4,19,1010.0,1076.2,94660.0,15793.0,
S12000020,Moray,2018,23,4,19,1290.0,1139.6,94090.0,15630.0,
S12000020,Moray,2019,23,4,19,1465.0,1465.0,94170.0,15662.0,
S12000020,Moray,2020,26,4,22,2755.0,2511.2,93870.0,15651.0,0.058
S12000020,Moray,2021,26,4,22,1810.0,2444.6,94270.0,15580.0,0.07
S12000020,Moray,2022,26,4,22,1360.0,1511.7,94300.0,15646.0,0.092
S12000020,Moray,2023,30,4,26,1225.0,1317.9,94790.0,15498.0,0.074
S12000021,North Ayrshire,2016,29,4,25,3295.0,3486.7,135950.0,22877.0,
S12000021,North Ayrshire,2017,29,4,25,3145.0,3258.3,135810.0,22622.0,
S12000021,North Ayrshire,2018,29,4,25,4490.0,4112.1,135130.0,22436.0,
S12000021,North Ayrshire,2019,29,4,25,4360.0,4537.9,134570.0,22142.0,
S12000021,North Ayrshire,2020,30,4,26,6650.0,6315.0,134040.0,21988.0,0.037
S12000021,North Ayrshire,2021,30,4,26,4530.0,5684.2,133860.0,21573.0,0.079
S12000021,North Ayrshire,2022,30,4,26,3665.0,3905.4,133490.0,21214.0,0.08
S12000021,North Ayrshire,2023,33,4,29,3505.0,3611.2,133720.0,21117.0,0.071
S12000023,Orkney Islands,2016,5,1,4,130.0,110.8,21640.0,3454.0,
S12000023,Orkney Islands,2017,5,1,4,115.0,122.5,21730.0,3475.0,
S12000023,Orkney Islands,2018,5,1,4,135.0,102.9,21830.0,3477.0,
S12000023,Orkney Islands,2019,5,1,4,175.0,176.7,21870.0,3533.0,
S12000023,Orkney Islands,2020,5,1,4,365.0,340.8,21970.0,3534.0,0.048
S12000023,Orkney Islands,2021,5,1,4,250.0,303.8,22030.0,3534.0,0.099
S12000023,Orkney Islands,2022,5,1,4,215.0,216.7,22030.0,3489.0,0.151
S12000023,Orkney Islands,2023,6,1,5,215.0,215.4,22020.0,3466.0,0.171
S12000026,Scottish Borders,2016,32,3,29,1080.0,1157.9,115460.0,18811.0,
S12000026,Scottish Borders,2017,26,3,23,1030.0,1122.5,115970.0,18807.0,
S12000026,Scottish Borders,2018,27,4,23,1425.0,1188.3,116190.0,18786.0,
S12000026,Scottish Borders,2019,27,4,23,1775.0,1730.8,116490.0,18781.0,
S12000026,Scottish Borders,2020,26,4,22,3485.0,3165.8,116380.0,18610.0,0.058
S12000026,Scottish Borders,2021,26,4,22,2365.0,3042.5,117080.0,18415.0,0.083
S12000026,Scottish Borders,2022,26,4,22,2010.0,2072.9,116820.0,18126.0,0.088
S12000026,Scottish Borders,2023,28,4,24,1920.0,1991.7,116880.0,17938.0,0.085
S12000027,Shetland Islands,2016,3,0,3,120.0,129.2,23240.0,4276.0,
S12000027,Shetland Islands,2017,3,0,3,95.0,112.5,23110.0,4294.0,
S12000027,Shetland Islands,2018,3,0,3,150.0,124.6,23000.0,4271.0,
S12000027,Shetland Islands,2019,3,0,3,245.0,206.2,22910.0,4296.0,
S12000027,Shetland Islands,2020,3,0,3,450.0,432.5,22890.0,4267.0,0.06
S12000027,Shetland Islands,2021,3,0,3,315.0,378.8,22960.0,4237.0,0.1
S12000027,Shetland Islands,2022,3,0,3,240.0,262.5,23020.0,4158.0,0.11
S12000027,Shetland Islands,2023,3,0,3,210.0,228.8,23100.0,4066.0,0.109
S12000028,South Ayrshire,2016,23,3,20,1685.0,1663.3,112200.0,17572.0,
S12000028,South Ayrshire,2017,23,3,20,1565.0,1660.0,112400.0,17520.0,
S12000028,South Ayrshire,2018,23,3,20,2420.0,2037.1,111990.0,17472.0,
S12000028,South Ayrshire,2019,23,3,20,2695.0,2610.8,112010.0,17502.0,
S12000028,South Ayrshire,2020,24,3,21,4545.0,4175.0,111470.0,17354.0,0.036
S12000028,South Ayrshire,2021,24,3,21,3080.0,3915.0,111560.0,17146.0,0.07
S12000028,South Ayrshire,2022,25,3,22,2400.0,2593.3,111560.0,16906.0,0.076
S12000028,South Ayrshire,2023,28,3,25,2305.0,2323.8,111940.0,16817.0,0.078
S12000029,South Lanarkshire,2016,61,11,50,4255.0,4475.8,319050.0,54856.0,
S12000029,South Lanarkshire,2017,71,12,59,4695.0,4445.0,320480.0,55101.0,
S12000029,South Lanarkshire,2018,71,12,59,6685.0,6224.2,321320.0,55090.0,
S12000029,South Lanarkshire,2019,72,13,59,6675.0,6962.1,323120.0,55416.0,
S12000029,South Lanarkshire,2020,73,15,58,12250.0,11350.8,323620.0,55284.0,0.036
S12000029,South Lanarkshire,2021,73,16,57,8160.0,10625.4,325390.0,55276.0,0.067
S12000029,South Lanarkshire,2022,74,16,58,6240.0,6861.2,327460.0,55275.0,0.066
S12000029,South Lanarkshire,2023,82,16,66,5825.0,6190.8,331090.0,55991.0,0.056
S12000030,Stirling,2016,23,2,21,945.0,935.8,91600.0,15696.0,
S12000030,Stirling,2017,24,3,21,1165.0,1005.0,91780.0,15564.0,
S12000030,Stirling,2018,26,3,23,1370.0,1398.8,91940.0,15517.0,
S12000030,Stirling,2019,26,3,23,1465.0,1482.9,92100.0,15256.0,
S12000030,Stirling,2020,28,3,25,2720.0,2565.4,92090.0,14993.0,0.049
S12000030,Stirling,2021,28,3,25,1610.0,2195.4,91470.0,14801.0,0.06
S12000030,Stirling,2022,28,3,25,1420.0,1432.1,92610.0,14762.0,0.08
S12000030,Stirling,2023,30,3,27,1395.0,1435.0,93540.0,14687.0,0.07
S12000033,Aberdeen City,2016,56,5,51,3420.0,3381.7,225340.0,34453.0,
S12000033,Aberdeen City,2017,55,6,49,3110.0,3542.1,223890.0,34553.0,
S12000033,Aberdeen City,2018,56,6,50,2760.0,3129.6,222170.0,34563.0,
S12000033,Aberdeen City,2019,58,7,51,4035.0,3595.0,222760.0,34406.0,
S12000033,Aberdeen City,2020,57,7,50,9295.0,7520.0,222710.0,34388.0,0.068
S12000033,Aberdeen City,2021,58,7,51,6410.0,8131.2,220630.0,34479.0,0.097
S12000033,Aberdeen City,2022,61,9,52,5020.0,5477.1,224250.0,35455.0,0.086
S12000033,Aberdeen City,2023,68,9,59,4610.0,4834.6,229360.0,37404.0,0.069
S12000034,Aberdeenshire,2016,73,6,67,2365.0,2431.2,263460.0,48608.0,
S12000034,Aberdeenshire,2017,68,6,62,2045.0,2332.9,262920.0,48577.0,
S12000034,Aberdeenshire,2018,69,6,63,2180.0,2110.8,262220.0,48693.0,
S12000034,Aberdeenshire,2019,70,7,63,2915.0,2688.8,261900.0,48737.0,
S12000034,Aberdeenshire,2020,70,7,63,6410.0,5434.2,261510.0,48700.0,0.041
S12000034,Aberdeenshire,2021,71,8,63,4155.0,5398.3,263140.0,48602.0,0.074
S12000034,Aberdeenshire,2022,73,8,65,2985.0,3345.0,263750.0,48484.0,0.097
S12000034,Aberdeenshire,2023,76,8,68,2795.0,2977.1,264610.0,48309.0,0.069
S12000035,Argyll and Bute,2016,20,2,18,855.0,874.2,88230.0,13024.0,
S12000035,Argyll and Bute,2017,18,2,16,900.0,873.8,88090.0,12989.0,
S12000035,Argyll and Bute,2018,19,2,17,1085.0,896.7,87590.0,12945.0,
S12000035,Argyll and Bute,2019,20,2,18,1360.0,1338.8,87360.0,12956.0,
S12000035,Argyll and Bute,2020,22,2,20,2785.0,2614.2,87160.0,12778.0,0.061
S12000035,Argyll and Bute,2021,22,2,20,1795.0,2327.9,87960.0,12633.0,0.096
S12000035,Argyll and Bute,2022,22,2,20,1400.0,1497.5,87930.0,12519.0,0.08
S12000035,Argyll and Bute,2023,22,2,20,1390.0,1375.4,87960.0,12388.0,0.099
S12000036,City of Edinburgh,2016,133,10,123,4930.0,5232.5,496200.0,77717.0,
S12000036,City of Edinburgh,2017,146,13,133,4480.0,4981.7,500770.0,78055.0,
S12000036,City of Edinburgh,2018,149,16,133,4420.0,4734.2,503920.0,77241.0,
S12000036,City of Edinburgh,2019,150,16,134,6970.0,6049.6,508280.0,76513.0,
S12000036,City of Edinburgh,2020,152,17,135,17780.0,14976.2,509550.0,75357.0,0.066
S12000036,City of Edinburgh,2021,155,19,136,10735.0,14982.9,505750.0,74939.0,0.1
S12000036,City of Edinburgh,2022,155,20,135,8630.0,9133.8,514570.0,75337.0,0.109
S12000036,City of Edinburgh,2023,152,20,132,8370.0,8553.8,524140.0,76340.0,0.086
S12000038,Renfrewshire,2016,26,5,21,2700.0,2867.9,177400.0,29853.0,
S12000038,Renfrewshire,2017,25,5,20,3075.0,3030.0,178530.0,29923.0,
S12000038,Renfrewshire,2018,26,5,21,3135.0,3105.4,179510.0,29983.0,
S12000038,Renfrewshire,2019,28,6,22,3875.0,3790.0,181040.0,29943.0,
S12000038,Renfrewshire,2020,29,7,22,7045.0,6502.9,181610.0,29839.0,0.05
S12000038,Renfrewshire,2021,30,7,23,4420.0,5929.2,182330.0,29424.0,0.079
S12000038,Renfrewshire,2022,31,7,24,3485.0,3759.2,184370.0,29728.0,0.079
S12000038,Renfrewshire,2023,30,7,23,3680.0,3701.2,187150.0,30382.0,0.066
S12000039,West Dunbartonshire,2016,19,3,16,1960.0,2128.8,90260.0,15667.0,
S12000039,West Dunbartonshire,2017,17,3,14,1970.0,2010.4,90120.0,15655.0,
S12000039,West Dunbartonshire,2018,17,3,14,1990.0,2073.3,89660.0,15508.0,
S12000039,West Dunbartonshire,2019,17,3,14,2795.0,2568.3,89560.0,15497.0,
S12000039,West Dunbartonshire,2020,18,3,15,4535.0,4219.6,88990.0,15361.0,0.062
S12000039,West Dunbartonshire,2021,18,3,15,3145.0,3879.6,88510.0,15131.0,0.069
S12000039,West Dunbartonshire,2022,18,3,15,2525.0,2657.9,88270.0,14951.0,0.083
S12000039,West Dunbartonshire,2023,22,3,19,2385.0,2465.8,88940.0,15010.0,0.083
S12000040,West Lothian,2016,42,7,35,1875.0,2078.8,178330.0,34261.0,
S12000040,West Lothian,2017,45,7,38,1835.0,2072.9,179080.0,34309.0,
S12000040,West Lothian,2018,45,7,38,2705.0,2281.7,179270.0,34200.0,
S12000040,West Lothian,2019,47,8,39,3305.0,3239.2,179740.0,34243.0,
S12000040,West Lothian,2020,49,9,40,6140.0,5665.4,179920.0,34039.0,0.043
S12000040,West Lothian,2021,49,9,40,3795.0,5299.6,180850.0,33844.0,0.084
S12000040,West Lothian,2022,52,10,42,3000.0,3267.5,181730.0,33741.0,0.083
S12000040,West Lothian,2023,53,10,43,3105.0,3145.0,184270.0,34183.0,0.073
S12000041,Angus,2016,29,5,24,1405.0,1453.3,116450.0,19254.0,
S12000041,Angus,2017,23,5,18,1520.0,1495.4,116090.0,19123.0,
S12000041,Angus,2018,24,6,18,2040.0,1924.2,115610.0,19010.0,
S12000041,Angus,2019,24,6,18,2075.0,2147.1,115530.0,18929.0,
S12000041,Angus,2020,23,6,17,3670.0,3322.5,114990.0,18705.0,0.028
S12000041,Angus,2021,23,6,17,2415.0,3159.2,114950.0,18414.0,0.063
S12000041,Angus,2022,23,6,17,2010.0,2041.2,114670.0,18261.0,0.076
S12000041,Angus,2023,24,6,18,1855.0,1989.2,114950.0,18178.0,0.06
S12000042,Dundee City,2016,33,6,27,3215.0,3452.5,147220.0,24582.0,
S12000042,Dundee City,2017,32,6,26,3175.0,3227.9,147810.0,24743.0,
S12000042,Dundee City,2018,32,6,26,4270.0,4075.0,147770.0,24563.0,
S12000042,Dundee City,2019,33,6,27,4455.0,4598.8,148290.0,24122.0,
S12000042,Dundee City,2020,34,8,26,6805.0,6424.6,148070.0,23758.0,0.061
S12000042,Dundee City,2021,33,8,25,4875.0,6080.4,146790.0,23521.0,0.093
S12000042,Dundee City,2022,34,8,26,4055.0,4302.9,148470.0,23537.0,0.101
S12000042,Dundee City,2023,38,8,30,3970.0,4188.3,150030.0,24138.0,0.086
S12000045,East Dunbartonshire,2016,23,2,21,725.0,765.8,107830.0,18508.0,
S12000045,East Dunbartonshire,2017,28,2,26,1070.0,1000.8,108460.0,18723.0,
S12000045,East Dunbartonshire,2018,28,2,26,1105.0,1133.3,108560.0,18874.0,
S12000045,East Dunbartonshire,2019,28,2,26,1215.0,1218.3,108870.0,18995.0,
S12000045,East Dunbartonshire,2020,28,2,26,2525.0,2331.7,108880.0,19105.0,0.031
S12000045,East Dunbartonshire,2021,28,2,26,1650.0,2125.8,108920.0,19121.0,0.087
S12000045,East Dunbartonshire,2022,28,2,26,1250.0,1347.1,108990.0,19219.0,0.082
S12000045,East Dunbartonshire,2023,29,2,27,1180.0,1237.1,109410.0,19351.0,0.061
S12000047,Fife,2016,90,13,77,5445.0,5682.5,368830.0,63475.0,
S12000047,Fife,2017,84,13,71,5635.0,5937.5,369400.0,63409.0,
S12000047,Fife,2018,84,13,71,8275.0,7735.4,369270.0,63049.0,
S12000047,Fife,2019,85,13,72,8610.0,8753.3,370620.0,63242.0,
S12000047,Fife,2020,88,15,73,14080.0,13294.2,370760.0,62838.0,0.052
S12000047,Fife,2021,86,15,71,9800.0,12620.4,370880.0,62455.0,0.082
S12000047,Fife,2022,91,15,76,7920.0,8517.9,371390.0,61623.0,0.1
S12000047,Fife,2023,96,15,81,7365.0,7870.4,373570.0,61402.0,0.085
S12000048,Perth and Kinross,2016,37,3,34,995.0,1057.9,149170.0,24004.0,
S12000048,Perth and Kinross,2017,37,3,34,1020.0,1091.7,149540.0,23921.0,
S12000048,Perth and Kinross,2018,38,3,35,1445.0,1193.3,149350.0,23910.0,
S12000048,Perth and Kinross,2019,38,3,35,1810.0,1743.3,149740.0,24035.0,
S12000048,Perth and Kinross,2020,39,4,35,4055.0,3645.4,149410.0,23896.0,0.067
S12000048,Perth and Kinross,2021,39,4,35,2630.0,3469.6,150700.0,23841.0,0.099
S12000048,Perth and Kinross,2022,40,5,35,2035.0,2232.9,151130.0,23974.0,0.101
S12000048,Perth and Kinross,2023,40,5,35,1975.0,2159.2,152910.0,24071.0,0.094
S12000049,Glasgow City,2016,119,17,102,13145.0,13777.9,600820.0,98738.0,
S12000049,Glasgow City,2017,133,19,114,13455.0,13870.8,604220.0,99092.0,
S12000049,Glasgow City,2018,133,20,113,13600.0,13673.3,608190.0,99124.0,
S12000049,Glasgow City,2019,138,22,116,19405.0,17673.8,612490.0,98449.0,
S12000049,Glasgow City,2020,140,23,117,36040.0,32135.4,612710.0,96908.0,0.049
S12000049,Glasgow City,2021,142,26,116,25895.0,31840.8,610860.0,95859.0,0.07
S12000049,Glasgow City,2022,142,27,115,21590.0,22595.4,622050.0,96140.0,0.079
S12000049,Glasgow City,2023,143,28,115,20680.0,21200.0,638760.0,97857.0,0.066
S12000050,North Lanarkshire,2016,51,10,41,5610.0,6071.7,339740.0,62717.0,
S12000050,North Lanarkshire,2017,53,10,43,5645.0,5985.0,340310.0,62426.0,
S12000050,North Lanarkshire,2018,53,10,43,7675.0,6837.1,340350.0,62118.0,
S12000050,North Lanarkshire,2019,56,11,45,7890.0,8280.0,341570.0,62068.0,
S12000050,North Lanarkshire,2020,58,11,47,14195.0,13159.6,341400.0,61288.0,0.048
S12000050,North Lanarkshire,2021,58,11,47,9580.0,12255.8,341280.0,60840.0,0.061
S12000050,North Lanarkshire,2022,62,13,49,7330.0,8077.1,340920.0,60081.0,0.072
S12000050,North Lanarkshire,2023,68,15,53,7270.0,7443.3,342780.0,60004.0,0.069
