la_name,year,filled_posts,employees,vacant_posts,vacancy_rate,fte_posts,la_code
Cumbria (combined),2016,10500,9900,550.0,0.049773755656108594,7400.0,CUMBRIA_COMBINED
Cumbria (combined),2017,10000,9600,650.0,0.06103286384976526,7300.0,CUMBRIA_COMBINED
Cumbria (combined),2018,10000,9700,850.0,0.07834101382488479,7300.0,CUMBRIA_COMBINED
Cumbria (combined),2019,10500,9900,900.0,0.07894736842105263,7500.0,CUMBRIA_COMBINED
Cumbria (combined),2020,10500,10000,650.0,0.05829596412556054,7600.0,CUMBRIA_COMBINED
Cumbria (combined),2021,10000,9400,1300.0,0.11504424778761062,7300.0,CUMBRIA_COMBINED
Cumbria (combined),2022,10500,9600,1100.0,0.09482758620689655,7700.0,CUMBRIA_COMBINED
Cumbria (combined),2023,10600,9900,1100.0,0.09401709401709402,8000.0,CUMBRIA_COMBINED
Dorset (combined),2016,21900,20700,925.0,0.040525739320920046,15400.0,DORSET_COMBINED
Dorset (combined),2017,21900,20500,1825.0,0.07692307692307693,15400.0,DORSET_COMBINED
Dorset (combined),2018,21600,20700,1675.0,0.0719656283566058,15600.0,DORSET_COMBINED
Dorset (combined),2019,21600,19800,1400.0,0.06086956521739131,15200.0,DORSET_COMBINED
Dorset (combined),2020,22500,21300,1600.0,0.06639004149377593,15800.0,DORSET_COMBINED
Dorset (combined),2021,21100,19300,2050.0,0.08855291576673865,14800.0,DORSET_COMBINED
Dorset (combined),2022,20900,19600,1850.0,0.08131868131868132,15500.0,DORSET_COMBINED
Dorset (combined),2023,21800,19900,1650.0,0.07036247334754797,16400.0,DORSET_COMBINED
Hartlepool,2016,2500,2400,,,1800.0,E06000001
Hartlepool,2017,2400,2200,,,1600.0,E06000001
Hartlepool,2018,2500,2400,,,1800.0,E06000001
Hartlepool,2019,2500,2400,,,1800.0,E06000001
Hartlepool,2020,2600,2500,,,1900.0,E06000001
Hartlepool,2021,2600,2500,,,2000.0,E06000001
Hartlepool,2022,2600,2500,,,2000.0,E06000001
Hartlepool,2023,2400,2400,75.0,0.03421021246919745,1900.0,E06000001
Middlesbrough,2016,3900,3700,75.0,0.02037833765390492,,E06000002
Middlesbrough,2017,4400,3900,125.0,0.03328556276020209,,E06000002
Middlesbrough,2018,4400,3900,150.0,0.0363588644337619,,E06000002
Middlesbrough,2019,4800,4500,200.0,0.04320178030531374,,E06000002
Middlesbrough,2020,4800,4600,125.0,0.02423761031513696,,E06000002
Middlesbrough,2021,5200,5000,275.0,0.0500225981395588,,E06000002
Middlesbrough,2022,5600,5200,300.0,0.05557549350199932,,E06000002
Middlesbrough,2023,6300,6000,200.0,0.03080288838757212,5000.0,E06000002
Redcar & Cleveland,2016,3200,3000,125.0,0.03902430634980911,2200.0,E06000003
Redcar & Cleveland,2017,3000,2600,175.0,0.06230666264974646,1900.0,E06000003
Redcar & Cleveland,2018,3100,2900,200.0,0.06400388742844486,2000.0,E06000003
Redcar & Cleveland,2019,3100,2800,175.0,0.05961205477009347,2000.0,E06000003
Redcar & Cleveland,2020,3000,2900,175.0,0.05467709369479577,2000.0,E06000003
Redcar & Cleveland,2021,3100,3000,275.0,0.08570210474858568,2000.0,E06000003
Redcar & Cleveland,2022,3100,3000,175.0,0.05219059188012076,2000.0,E06000003
Redcar & Cleveland,2023,3300,3100,225.0,0.06985759428830234,2200.0,E06000003
Stockton on Tees,2016,4400,4100,200.0,0.04827573318454283,3000.0,E06000004
Stockton on Tees,2017,4400,4200,125.0,0.03174599803614121,3100.0,E06000004
Stockton on Tees,2018,4900,4500,,,3300.0,E06000004
Stockton on Tees,2019,5000,4800,,,3400.0,E06000004
Stockton on Tees,2020,4900,4700,200.0,0.04103913670297658,3400.0,E06000004
Stockton on Tees,2021,5400,5200,475.0,0.08135930832113623,3600.0,E06000004
Stockton on Tees,2022,5000,4800,,,3600.0,E06000004
Stockton on Tees,2023,5200,4900,475.0,0.08966553561226281,3900.0,E06000004
Darlington,2016,3200,2800,225.0,0.07697066787145278,2300.0,E06000005
Darlington,2017,3200,2900,175.0,0.05795232873262231,2300.0,E06000005
Darlington,2018,3000,2800,,,2200.0,E06000005
Darlington,2019,2800,2600,200.0,0.06806230651622974,2100.0,E06000005
Darlington,2020,2900,2600,125.0,0.04143871552991664,2100.0,E06000005
Darlington,2021,3000,2600,,,2200.0,E06000005
Darlington,2022,3300,3000,250.0,0.07947421819535117,2500.0,E06000005
Darlington,2023,3400,3000,175.0,0.05415077032634467,2500.0,E06000005
Halton,2016,1800,1600,50.0,0.03421398479087313,1300.0,E06000006
Halton,2017,1900,1700,100.0,0.06117814747501174,1500.0,E06000006
Halton,2018,1900,1800,50.0,0.02338273855903161,1400.0,E06000006
Halton,2019,1800,1700,50.0,0.02170572226206449,1300.0,E06000006
Halton,2020,1900,1800,25.0,0.0179220829818873,1400.0,E06000006
Halton,2021,1700,1600,,,1200.0,E06000006
Halton,2022,1700,1600,,,1200.0,E06000006
Halton,2023,1800,1700,150.0,0.07839341721780482,1400.0,E06000006
Warrington,2016,4900,4600,300.0,0.06420159959434064,3700.0,E06000007
Warrington,2017,4900,4600,250.0,0.05283561055277902,3600.0,E06000007
Warrington,2018,5000,4700,275.0,0.05679130463758698,3700.0,E06000007
Warrington,2019,4500,4300,300.0,0.06437031140359696,3500.0,E06000007
Warrington,2020,5200,4800,200.0,0.04062454554808035,3800.0,E06000007
Warrington,2021,5300,4900,650.0,0.11815837217181521,3800.0,E06000007
Warrington,2022,6900,6200,550.0,0.0799143523777723,5500.0,E06000007
Warrington,2023,7200,6400,425.0,0.06129979108943032,5700.0,E06000007
Blackburn with Darwen,2016,3200,2800,125.0,0.04125356756108754,2300.0,E06000008
Blackburn with Darwen,2017,3100,2600,,,2100.0,E06000008
Blackburn with Darwen,2018,3000,2600,225.0,0.08092675014670891,2100.0,E06000008
Blackburn with Darwen,2019,3200,2700,225.0,0.07229746022096281,2100.0,E06000008
Blackburn with Darwen,2020,3200,2800,250.0,0.08504587951427507,2200.0,E06000008
Blackburn with Darwen,2021,3300,3000,300.0,0.09304315185253263,2100.0,E06000008
Blackburn with Darwen,2022,3300,2900,275.0,0.0850996088642332,2300.0,E06000008
Blackburn with Darwen,2023,3600,3000,300.0,0.09530332350455137,2500.0,E06000008
Blackpool,2016,3800,3600,150.0,0.03740405704536698,2700.0,E06000009
Blackpool,2017,4100,3900,150.0,0.03742016054543925,2900.0,E06000009
Blackpool,2018,3900,3800,325.0,0.07717500461082955,2700.0,E06000009
Blackpool,2019,4200,4000,,,2900.0,E06000009
Blackpool,2020,4300,3900,150.0,0.03539635104865744,3100.0,E06000009
Blackpool,2021,4300,4000,375.0,0.08394088093120236,3000.0,E06000009
Blackpool,2022,4100,3900,300.0,0.07274289774439269,3000.0,E06000009
Blackpool,2023,3900,3600,250.0,0.06523155994125597,2900.0,E06000009
Kingston upon Hull,2016,5300,4900,150.0,0.03176324790686127,,E06000010
Kingston upon Hull,2017,5100,4900,175.0,0.03419610371580621,3800.0,E06000010
Kingston upon Hull,2018,5300,5100,150.0,0.02744377954539653,3800.0,E06000010
Kingston upon Hull,2019,5500,5100,150.0,0.02974933157160515,3900.0,E06000010
Kingston upon Hull,2020,5500,5000,100.0,0.0218054375413,3900.0,E06000010
Kingston upon Hull,2021,5200,4700,500.0,0.09866845208736826,3600.0,E06000010
Kingston upon Hull,2022,5500,4500,375.0,0.07803760536145152,3900.0,E06000010
Kingston upon Hull,2023,6000,5500,250.0,0.04540049641690956,4500.0,E06000010
East Riding of Yorkshire,2016,9000,8700,250.0,0.02693916813825516,6300.0,E06000011
East Riding of Yorkshire,2017,8700,8200,275.0,0.03250955276720471,6100.0,E06000011
East Riding of Yorkshire,2018,8400,7900,350.0,0.04361926845565388,6000.0,E06000011
East Riding of Yorkshire,2019,8600,8100,550.0,0.06190191038261712,6000.0,E06000011
East Riding of Yorkshire,2020,8800,8100,700.0,0.07906816297537961,6100.0,E06000011
East Riding of Yorkshire,2021,8300,7600,850.0,0.10204548174183,5900.0,E06000011
East Riding of Yorkshire,2022,8500,7900,800.0,0.09315873470663866,6200.0,E06000011
East Riding of Yorkshire,2023,8600,8200,550.0,0.06393469068151134,6400.0,E06000011
North East Lincolnshire,2016,3500,3300,150.0,0.04457514388168593,2500.0,E06000012
North East Lincolnshire,2017,3900,3700,150.0,0.03654256947840841,2900.0,E06000012
North East Lincolnshire,2018,3700,3500,150.0,0.0389526058223255,2600.0,E06000012
North East Lincolnshire,2019,3800,3600,125.0,0.03448452254379841,2700.0,E06000012
North East Lincolnshire,2020,4200,3900,125.0,0.03358928783252365,3100.0,E06000012
North East Lincolnshire,2021,4200,3900,350.0,0.08329435742132531,3000.0,E06000012
North East Lincolnshire,2022,4600,4400,350.0,0.07204357304795797,3400.0,E06000012
North East Lincolnshire,2023,5100,4700,275.0,0.05618908169000083,3800.0,E06000012
North Lincolnshire,2016,3300,3100,100.0,0.03121680665428376,2500.0,E06000013
North Lincolnshire,2017,3300,3200,125.0,0.03941293153972351,2400.0,E06000013
North Lincolnshire,2018,3200,3000,175.0,0.05128389013314033,2300.0,E06000013
North Lincolnshire,2019,3300,3200,175.0,0.05351259732228613,2500.0,E06000013
North Lincolnshire,2020,3300,3100,125.0,0.04138451518322853,2500.0,E06000013
North Lincolnshire,2021,3300,3100,275.0,0.08335340373758855,2500.0,E06000013
North Lincolnshire,2022,3400,3100,175.0,0.05743400112157823,2600.0,E06000013
North Lincolnshire,2023,3400,3100,175.0,0.05179435055609542,2600.0,E06000013
York,2016,4500,3900,275.0,0.06440742114815118,3200.0,E06000014
York,2017,4400,4000,200.0,0.04887689639069258,3200.0,E06000014
York,2018,4500,4100,275.0,0.06414159948003136,3200.0,E06000014
York,2019,4900,4400,225.0,0.04773669741304904,3500.0,E06000014
York,2020,5000,4600,350.0,0.06884212633512281,3700.0,E06000014
York,2021,5000,4500,425.0,0.08872002462458427,3700.0,E06000014
York,2022,4700,4300,500.0,0.10572178684557784,3600.0,E06000014
York,2023,5000,4700,225.0,0.04738144396837304,3800.0,E06000014
Derby,2016,6000,5400,425.0,0.07412969078570268,,E06000015
Derby,2017,6300,6000,550.0,0.08244270795410824,,E06000015
Derby,2018,6700,6400,700.0,0.09849322319487859,,E06000015
Derby,2019,7700,7200,500.0,0.06749413122927327,,E06000015
Derby,2020,7900,7000,,,,E06000015
Derby,2021,6900,6200,650.0,0.09358620007853542,,E06000015
Derby,2022,6900,6400,650.0,0.09388674450110762,,E06000015
Derby,2023,7700,6900,750.0,0.09633280987067812,5900.0,E06000015
Leicester,2016,12000,11500,700.0,0.05848046593425806,7700.0,E06000016
Leicester,2017,11500,11000,,,7800.0,E06000016
Leicester,2018,11500,11000,,,8100.0,E06000016
Leicester,2019,12500,10500,600.0,0.05434341931768701,8500.0,E06000016
Leicester,2020,13000,11500,,,9300.0,E06000016
Leicester,2021,11500,11000,1600.0,0.13067681090588934,8000.0,E06000016
Leicester,2022,11500,10500,850.0,0.07784829791549291,,E06000016
Leicester,2023,12000,10500,850.0,0.07277811769549128,8700.0,E06000016
Rutland,2016,900,750,75.0,0.07505460059067062,,E06000017
Rutland,2017,850,800,50.0,0.06170340338350436,,E06000017
Rutland,2018,850,800,75.0,0.07750653759661283,,E06000017
Rutland,2019,950,900,75.0,0.08756442030278169,,E06000017
Rutland,2020,1100,900,75.0,0.08088060839097619,,E06000017
Rutland,2021,1000,850,150.0,0.145709089930115,,E06000017
Rutland,2022,1000,850,,,,E06000017
Rutland,2023,1100,950,100.0,0.09583309008066397,750.0,E06000017
Nottingham,2016,8200,7700,,,5700.0,E06000018
Nottingham,2017,8200,7800,,,6000.0,E06000018
Nottingham,2018,8700,8300,,,6500.0,E06000018
Nottingham,2019,9400,8700,,,7000.0,E06000018
Nottingham,2020,9800,9200,,,7100.0,E06000018
Nottingham,2021,9500,8900,,,6900.0,E06000018
Nottingham,2022,9900,8800,,,7400.0,E06000018
Nottingham,2023,9900,9000,2000.0,0.1825335105852246,7400.0,E06000018
Herefordshire,2016,5300,4800,200.0,0.03846634312979839,3800.0,E06000019
Herefordshire,2017,5200,4800,200.0,0.04124998454150333,3800.0,E06000019
Herefordshire,2018,5300,5000,225.0,0.04090613448763207,3800.0,E06000019
Herefordshire,2019,5600,5200,300.0,0.05592572351789399,3900.0,E06000019
Herefordshire,2020,5600,5200,175.0,0.03341371206780736,4100.0,E06000019
Herefordshire,2021,5200,4900,400.0,0.07728666269047382,3800.0,E06000019
Herefordshire,2022,5000,4700,300.0,0.0604149893695109,3700.0,E06000019
Herefordshire,2023,5000,4700,200.0,0.04124237981465477,3700.0,E06000019
Telford & Wrekin,2016,3700,3400,325.0,0.08623082500846802,2400.0,E06000020
Telford & Wrekin,2017,3900,3700,425.0,0.10423157752083358,2500.0,E06000020
Telford & Wrekin,2018,3900,3800,450.0,0.10915375421083987,2600.0,E06000020
Telford & Wrekin,2019,4100,3900,375.0,0.08840134308507473,2700.0,E06000020
Telford & Wrekin,2020,4300,4000,,,2700.0,E06000020
Telford & Wrekin,2021,4300,4100,500.0,0.10617094876983992,,E06000020
Telford & Wrekin,2022,4700,4400,600.0,0.11707832951067725,3100.0,E06000020
Telford & Wrekin,2023,4900,4600,500.0,0.09645299255468799,3200.0,E06000020
Stoke on Trent,2016,6500,6100,375.0,0.05792484401520823,5000.0,E06000021
Stoke on Trent,2017,6700,6300,400.0,0.06030027211407136,5100.0,E06000021
Stoke on Trent,2018,6900,6600,550.0,0.07465622032236803,5200.0,E06000021
Stoke on Trent,2019,7200,6800,350.0,0.04750578459774903,5500.0,E06000021
Stoke on Trent,2020,7000,6600,500.0,0.06865949842621578,5300.0,E06000021
Stoke on Trent,2021,6500,6100,750.0,0.11298573274991928,5100.0,E06000021
Stoke on Trent,2022,6800,6200,700.0,0.09800617564499824,5300.0,E06000021
Stoke on Trent,2023,6600,6000,650.0,0.09741466532112329,5200.0,E06000021
Bath and North East Somerset,2016,3300,3100,275.0,0.07980881953773737,,E06000022
Bath and North East Somerset,2017,3900,3700,325.0,0.079204872692385,,E06000022
Bath and North East Somerset,2018,3800,3700,,,,E06000022
Bath and North East Somerset,2019,3800,3500,175.0,0.04769219570789184,,E06000022
Bath and North East Somerset,2020,3700,3500,150.0,0.04144621785587444,,E06000022
Bath and North East Somerset,2021,3600,3300,425.0,0.11170284527900785,,E06000022
Bath and North East Somerset,2022,3500,3100,400.0,0.11601849339593823,,E06000022
Bath and North East Somerset,2023,3500,3200,250.0,0.0719803514532043,2500.0,E06000022
Bristol,2016,9100,8300,800.0,0.09003756885970172,,E06000023
Bristol,2017,9500,8900,1000.0,0.10062028235090274,,E06000023
Bristol,2018,9300,8900,1100.0,0.10640625432697202,,E06000023
Bristol,2019,10000,9400,1000.0,0.09634843371866439,,E06000023
Bristol,2020,10500,10000,600.0,0.05798889992263249,,E06000023
Bristol,2021,10000,9500,1200.0,0.11256435438649785,,E06000023
Bristol,2022,11000,10000,1100.0,0.09594866704949118,,E06000023
Bristol,2023,11500,10500,900.0,0.07911855648647896,8300.0,E06000023
North Somerset,2016,6400,6000,375.0,0.05984127625765116,4600.0,E06000024
North Somerset,2017,6300,5900,300.0,0.04974747088817449,4500.0,E06000024
North Somerset,2018,5600,5400,350.0,0.06060473251251587,4200.0,E06000024
North Somerset,2019,5600,5300,325.0,0.05839837098791863,4200.0,E06000024
North Somerset,2020,5800,5400,450.0,0.07910361621457158,4300.0,E06000024
North Somerset,2021,5500,5000,,,4000.0,E06000024
North Somerset,2022,5500,5000,700.0,0.12200632275270168,4100.0,E06000024
North Somerset,2023,5900,5500,450.0,0.0775908181670758,4500.0,E06000024
South Gloucestershire,2016,5700,5200,,,3800.0,E06000025
South Gloucestershire,2017,5600,5200,,,3900.0,E06000025
South Gloucestershire,2018,5800,5500,,,4000.0,E06000025
South Gloucestershire,2019,6400,6000,,,4500.0,E06000025
South Gloucestershire,2020,6800,6300,,,4800.0,E06000025
South Gloucestershire,2021,6200,5600,,,4400.0,E06000025
South Gloucestershire,2022,7000,6000,,,5000.0,E06000025
South Gloucestershire,2023,7700,6500,400.0,0.05949350833643818,5500.0,E06000025
Plymouth,2016,7000,6600,,,5100.0,E06000026
Plymouth,2017,6500,6100,,,4600.0,E06000026
Plymouth,2018,6500,6000,,,4800.0,E06000026
Plymouth,2019,6700,6100,,,5000.0,E06000026
Plymouth,2020,7000,6300,,,5300.0,E06000026
Plymouth,2021,6600,6000,,,5100.0,E06000026
Plymouth,2022,6600,6200,,,5000.0,E06000026
Plymouth,2023,7100,6600,150.0,0.02304828101988385,5500.0,E06000026
Torbay,2016,4900,4600,200.0,0.04245257591934692,3400.0,E06000027
Torbay,2017,4800,4500,150.0,0.03482819278677451,3400.0,E06000027
Torbay,2018,4800,4500,225.0,0.04576582235499904,3300.0,E06000027
Torbay,2019,4800,4500,225.0,0.0466490623402166,3300.0,E06000027
Torbay,2020,4900,4600,275.0,0.05448153289899004,3400.0,E06000027
Torbay,2021,4600,4300,350.0,0.07365775743814312,3400.0,E06000027
Torbay,2022,4500,4200,275.0,0.06256019248931878,3300.0,E06000027
Torbay,2023,4600,4300,200.0,0.04690216291954954,3400.0,E06000027
Swindon,2016,3800,3300,325.0,0.0904858513025873,2600.0,E06000030
Swindon,2017,4100,3600,325.0,0.08151757671005667,2800.0,E06000030
Swindon,2018,3900,3400,350.0,0.09157181963081262,2600.0,E06000030
Swindon,2019,4000,3500,,,2600.0,E06000030
Swindon,2020,3800,3400,275.0,0.07537163152495904,2600.0,E06000030
Swindon,2021,3600,3400,425.0,0.11046561222411069,2600.0,E06000030
Swindon,2022,3900,3600,450.0,0.10890553280836139,2900.0,E06000030
Swindon,2023,3800,3500,425.0,0.1096226338010231,2900.0,E06000030
Peterborough,2016,5000,4700,,,3400.0,E06000031
Peterborough,2017,5100,4600,,,3600.0,E06000031
Peterborough,2018,5700,5300,,,4100.0,E06000031
Peterborough,2019,5200,4800,,,,E06000031
Peterborough,2020,5500,5200,,,4100.0,E06000031
Peterborough,2021,5500,5100,,,3800.0,E06000031
Peterborough,2022,6000,5500,,,4200.0,E06000031
Peterborough,2023,6900,6200,400.0,0.0610798425800821,5400.0,E06000031
Luton,2016,3900,3600,,,2600.0,E06000032
Luton,2017,4100,3800,,,2700.0,E06000032
Luton,2018,3900,3600,425.0,0.10645206367828512,2600.0,E06000032
Luton,2019,4100,3800,,,2600.0,E06000032
Luton,2020,4100,3900,,,2500.0,E06000032
Luton,2021,3700,3500,425.0,0.10909678113158869,2300.0,E06000032
Luton,2022,3700,3300,550.0,0.14287161377625193,2500.0,E06000032
Luton,2023,4000,3700,475.0,0.11267390177108753,2900.0,E06000032
Southend on Sea,2016,5300,4900,350.0,0.06825202215641477,3600.0,E06000033
Southend on Sea,2017,5300,4900,325.0,0.06096015740273533,3700.0,E06000033
Southend on Sea,2018,5500,5100,450.0,0.08157610669180863,3700.0,E06000033
Southend on Sea,2019,5300,4900,425.0,0.08105734312716961,3700.0,E06000033
Southend on Sea,2020,5400,4800,500.0,0.09803169237909663,3700.0,E06000033
Southend on Sea,2021,5000,4500,650.0,0.12560458153302667,3400.0,E06000033
Southend on Sea,2022,5100,4500,475.0,0.0964127314794814,3500.0,E06000033
Southend on Sea,2023,5200,4700,500.0,0.09539213622879822,3700.0,E06000033
Thurrock,2016,2300,1700,,,1500.0,E06000034
Thurrock,2017,2300,1800,,,1500.0,E06000034
Thurrock,2018,2700,2100,100.0,0.0497488716250889,1800.0,E06000034
Thurrock,2019,2800,2400,150.0,0.05483259743955848,,E06000034
Thurrock,2020,3000,2500,225.0,0.07871156917565635,1700.0,E06000034
Thurrock,2021,2600,2100,,,1600.0,E06000034
Thurrock,2022,2600,2200,275.0,0.11653237528725768,1700.0,E06000034
Thurrock,2023,2900,2500,275.0,0.09822870074107429,2000.0,E06000034
Medway,2016,5100,4900,,,3400.0,E06000035
Medway,2017,5600,5400,,,3700.0,E06000035
Medway,2018,5700,5400,,,,E06000035
Medway,2019,5700,5300,,,3700.0,E06000035
Medway,2020,5700,5300,,,3900.0,E06000035
Medway,2021,5500,5100,,,3900.0,E06000035
Medway,2022,5600,5100,,,4000.0,E06000035
Medway,2023,6200,5500,350.0,0.06106026738092833,4600.0,E06000035
Bracknell Forest,2016,1600,1500,,,1100.0,E06000036
Bracknell Forest,2017,1900,1800,,,1400.0,E06000036
Bracknell Forest,2018,1800,1700,,,1300.0,E06000036
Bracknell Forest,2019,1800,1700,,,1400.0,E06000036
Bracknell Forest,2020,1800,1600,,,,E06000036
Bracknell Forest,2021,1700,1600,,,1300.0,E06000036
Bracknell Forest,2022,1700,1600,,,1300.0,E06000036
Bracknell Forest,2023,1900,1600,275.0,0.14825306764990287,1400.0,E06000036
West Berkshire,2016,2600,2500,,,2000.0,E06000037
West Berkshire,2017,2500,2400,,,1900.0,E06000037
West Berkshire,2018,2500,2400,,,1900.0,E06000037
West Berkshire,2019,2500,2300,,,1900.0,E06000037
West Berkshire,2020,2700,2400,,,2100.0,E06000037
West Berkshire,2021,2600,2300,,,2000.0,E06000037
West Berkshire,2022,2500,2200,,,1900.0,E06000037
West Berkshire,2023,2700,2400,500.0,0.1798020338098257,2200.0,E06000037
Reading,2016,3200,2800,,,,E06000038
Reading,2017,3200,2700,,,,E06000038
Reading,2018,3300,2900,,,,E06000038
Reading,2019,3300,2700,,,,E06000038
Reading,2020,3300,2500,,,,E06000038
Reading,2021,3300,2700,,,,E06000038
Reading,2022,3700,2900,,,,E06000038
Reading,2023,3800,3300,250.0,0.07160350798440775,3000.0,E06000038
Slough,2016,2000,1900,,,1400.0,E06000039
Slough,2017,2100,2000,,,,E06000039
Slough,2018,2100,2000,275.0,0.12339368035666246,1500.0,E06000039
Slough,2019,2400,2200,275.0,0.10784429483089421,1800.0,E06000039
Slough,2020,2500,2300,275.0,0.11030246163365598,1700.0,E06000039
Slough,2021,2400,2300,,,1700.0,E06000039
Slough,2022,2300,2100,,,,E06000039
Slough,2023,2400,2200,275.0,0.11040317876683343,1800.0,E06000039
Windsor & Maidenhead,2016,2600,2400,150.0,0.05908491082246299,1900.0,E06000040
Windsor & Maidenhead,2017,2700,2500,100.0,0.03539942835407715,2100.0,E06000040
Windsor & Maidenhead,2018,2800,2600,100.0,0.03319010682892849,2200.0,E06000040
Windsor & Maidenhead,2019,3200,2900,225.0,0.06869181149656256,2600.0,E06000040
Windsor & Maidenhead,2020,3500,3200,175.0,0.05182769567737912,2800.0,E06000040
Windsor & Maidenhead,2021,3600,3100,275.0,0.07989277577835777,2800.0,E06000040
Windsor & Maidenhead,2022,3400,3000,200.0,0.06242986384418861,2800.0,E06000040
Windsor & Maidenhead,2023,3500,3100,150.0,0.04796596209345122,2900.0,E06000040
Wokingham,2016,3500,3200,,,2700.0,E06000041
Wokingham,2017,3500,3300,175.0,0.05217528648222104,2700.0,E06000041
Wokingham,2018,3700,3400,200.0,0.05636289515688088,2800.0,E06000041
Wokingham,2019,3800,3300,350.0,0.09725826459248657,2800.0,E06000041
Wokingham,2020,4000,3400,275.0,0.07706335583199099,3000.0,E06000041
Wokingham,2021,4000,3500,400.0,0.10055775087229323,3000.0,E06000041
Wokingham,2022,4200,3600,325.0,0.0803205111220078,3200.0,E06000041
Wokingham,2023,4200,3900,375.0,0.08725506793309719,3200.0,E06000041
Milton Keynes,2016,5200,4700,,,3700.0,E06000042
Milton Keynes,2017,5200,4700,400.0,0.07595872857148579,3700.0,E06000042
Milton Keynes,2018,5900,5300,325.0,0.05865365417792232,4100.0,E06000042
Milton Keynes,2019,6000,5300,350.0,0.0627664905382568,4200.0,E06000042
Milton Keynes,2020,6300,5500,350.0,0.0600716967881685,4400.0,E06000042
Milton Keynes,2021,6200,5300,650.0,0.11051572673123483,4500.0,E06000042
Milton Keynes,2022,6800,5700,550.0,0.08815736317484313,5000.0,E06000042
Milton Keynes,2023,7600,6700,600.0,0.08135348746026942,5900.0,E06000042
Brighton & Hove,2016,6200,5500,425.0,0.0732563616096555,4300.0,E06000043
Brighton & Hove,2017,6100,5400,,,4400.0,E06000043
Brighton & Hove,2018,6600,5800,425.0,0.0669389140157516,4600.0,E06000043
Brighton & Hove,2019,6300,5800,275.0,0.04609937911978036,4400.0,E06000043
Brighton & Hove,2020,6600,6100,325.0,0.05054713365626726,4600.0,E06000043
Brighton & Hove,2021,6000,5500,650.0,0.10881368702189738,4300.0,E06000043
Brighton & Hove,2022,5700,4900,450.0,0.08384501046541834,4100.0,E06000043
Brighton & Hove,2023,5900,5300,250.0,0.04646540237474367,4300.0,E06000043
Portsmouth,2016,3100,2900,100.0,0.03548173909345936,2000.0,E06000044
Portsmouth,2017,3100,3000,175.0,0.05328442836556775,2200.0,E06000044
Portsmouth,2018,3000,2800,225.0,0.0772646973135234,2000.0,E06000044
Portsmouth,2019,3000,2800,250.0,0.07878874705249328,2100.0,E06000044
Portsmouth,2020,3100,2900,225.0,0.0723133359190109,2100.0,E06000044
Portsmouth,2021,2900,2600,225.0,0.07632091658465238,2000.0,E06000044
Portsmouth,2022,3200,2900,225.0,0.07208026914967473,2300.0,E06000044
Portsmouth,2023,3400,3200,125.0,0.04007610207360381,2300.0,E06000044
Southampton,2016,4600,4400,,,3200.0,E06000045
Southampton,2017,4500,4300,,,3200.0,E06000045
Southampton,2018,4800,4700,,,3200.0,E06000045
Southampton,2019,4900,4600,,,3300.0,E06000045
Southampton,2020,5100,4800,,,3500.0,E06000045
Southampton,2021,5000,4700,,,3300.0,E06000045
Southampton,2022,5200,4900,,,3500.0,E06000045
Southampton,2023,5200,5000,300.0,0.056888213500299,3500.0,E06000045
Isle of Wight,2016,4200,4000,200.0,0.04893423483807595,3100.0,E06000046
Isle of Wight,2017,4200,4000,175.0,0.04294491438931274,3100.0,E06000046
Isle of Wight,2018,4200,4000,225.0,0.0545318647295558,3000.0,E06000046
Isle of Wight,2019,4000,3800,300.0,0.0760636248431257,3000.0,E06000046
Isle of Wight,2020,4300,4100,225.0,0.05398464585433173,3200.0,E06000046
Isle of Wight,2021,4000,3800,325.0,0.07682414662060386,3000.0,E06000046
Isle of Wight,2022,3800,3500,350.0,0.08936615842417144,2900.0,E06000046
Isle of Wight,2023,4000,3600,275.0,0.07038068779076391,3100.0,E06000046
Durham,2016,12000,11500,650.0,0.05564914434661927,8600.0,E06000047
Durham,2017,11500,11000,650.0,0.05873425895978326,8400.0,E06000047
Durham,2018,12000,11500,650.0,0.05452248184536756,8600.0,E06000047
Durham,2019,11500,11000,550.0,0.04718215132228795,8600.0,E06000047
Durham,2020,12000,11500,700.0,0.05797656529670089,8500.0,E06000047
Durham,2021,11000,10500,1000.0,0.09092817501796342,8300.0,E06000047
Durham,2022,11000,10500,900.0,0.07832899204117788,8600.0,E06000047
Durham,2023,11500,11000,700.0,0.06196539150704203,9000.0,E06000047
Cheshire East,2016,9100,8200,600.0,0.06551131680854061,,E06000049
Cheshire East,2017,9400,8700,700.0,0.0735491323574021,,E06000049
Cheshire East,2018,9600,8800,650.0,0.06924573155535242,,E06000049
Cheshire East,2019,9500,9000,800.0,0.08118193275788024,,E06000049
Cheshire East,2020,10000,9400,800.0,0.07804847430028172,,E06000049
Cheshire East,2021,10000,9500,1000.0,0.09744131022945267,,E06000049
Cheshire East,2022,10500,9700,1100.0,0.10174383511950852,,E06000049
Cheshire East,2023,11000,10000,1000.0,0.08798773452081501,8700.0,E06000049
Cheshire West & Chester,2016,8000,7200,650.0,0.08364345638676915,5500.0,E06000050
Cheshire West & Chester,2017,7500,6900,700.0,0.09382731112294493,5200.0,E06000050
Cheshire West & Chester,2018,7800,7300,550.0,0.06756896487899797,5500.0,E06000050
Cheshire West & Chester,2019,8300,7700,500.0,0.06083014598615822,6000.0,E06000050
Cheshire West & Chester,2020,8400,7700,350.0,0.04432005199700653,6100.0,E06000050
Cheshire West & Chester,2021,8700,8000,850.0,0.09814305582117812,6400.0,E06000050
Cheshire West & Chester,2022,8200,7700,750.0,0.09056750286572324,6500.0,E06000050
Cheshire West & Chester,2023,8700,8000,650.0,0.07526037343318219,6900.0,E06000050
Shropshire,2016,9200,8800,550.0,0.0589145134702399,6800.0,E06000051
Shropshire,2017,8800,8400,500.0,0.05793916843174729,6400.0,E06000051
Shropshire,2018,8800,8400,650.0,0.07391112902245879,6400.0,E06000051
Shropshire,2019,9200,8700,700.0,0.07325762305503271,6600.0,E06000051
Shropshire,2020,9300,8600,475.0,0.0523368752993394,6800.0,E06000051
Shropshire,2021,9100,8600,1100.0,0.11007842713909193,6700.0,E06000051
Shropshire,2022,9400,8600,850.0,0.0926830996978228,7000.0,E06000051
Shropshire,2023,9300,8400,475.0,0.05435588228721967,7100.0,E06000051
Cornwall and Isles of Scilly,2016,15000,14000,900.0,0.06169950055347968,11000.0,E06000052
Cornwall and Isles of Scilly,2017,14500,14000,1000.0,0.06895076683676274,11000.0,E06000052
Cornwall and Isles of Scilly,2018,14500,13500,1200.0,0.08059148214267405,10500.0,E06000052
Cornwall and Isles of Scilly,2019,14500,13500,1100.0,0.07462520890473853,10500.0,E06000052
Cornwall and Isles of Scilly,2020,15000,14000,1100.0,0.07444634677865115,11000.0,E06000052
Cornwall and Isles of Scilly,2021,14000,13000,1500.0,0.10562695376464148,10500.0,E06000052
Cornwall and Isles of Scilly,2022,14000,13000,1600.0,0.11212372198178185,10500.0,E06000052
Cornwall and Isles of Scilly,2023,14500,13500,1300.0,0.08568113650347448,11000.0,E06000052
Wiltshire,2016,12000,11000,500.0,0.04297451766819799,8700.0,E06000054
Wiltshire,2017,12500,11500,800.0,0.06562877705764193,8800.0,E06000054
Wiltshire,2018,12000,11000,850.0,0.07300515752185553,8600.0,E06000054
Wiltshire,2019,11500,10500,850.0,0.07288630787380125,8300.0,E06000054
Wiltshire,2020,12500,11000,750.0,0.06391486133207791,8700.0,E06000054
Wiltshire,2021,11500,10500,1500.0,0.12647394751282443,8300.0,E06000054
Wiltshire,2022,11500,10000,1300.0,0.11247249008242341,8400.0,E06000054
Wiltshire,2023,12000,11000,1000.0,0.08363876542637524,9300.0,E06000054
Bedford,2016,4400,3900,475.0,0.10702287703370218,3300.0,E06000055
Bedford,2017,4600,4200,650.0,0.13248573756580795,3400.0,E06000055
Bedford,2018,4000,3600,500.0,0.12272413547646789,2900.0,E06000055
Bedford,2019,4300,3900,475.0,0.10860767473007273,3300.0,E06000055
Bedford,2020,4700,4400,600.0,0.12141667170230967,3600.0,E06000055
Bedford,2021,4400,4100,750.0,0.1521149574774165,3400.0,E06000055
Bedford,2022,4600,4200,750.0,0.1523509192948556,3600.0,E06000055
Bedford,2023,4500,4100,500.0,0.10571167533849382,3400.0,E06000055
Central Bedfordshire,2016,4000,3700,275.0,0.07148413700118192,,E06000056
Central Bedfordshire,2017,4000,3700,300.0,0.07742549875822427,,E06000056
Central Bedfordshire,2018,3700,3500,300.0,0.0766954022322869,,E06000056
Central Bedfordshire,2019,3900,3600,350.0,0.08537366059837465,,E06000056
Central Bedfordshire,2020,4000,3700,300.0,0.07233288887616979,,E06000056
Central Bedfordshire,2021,4000,3700,475.0,0.11669430514242661,,E06000056
Central Bedfordshire,2022,4200,3800,450.0,0.10879081663894469,,E06000056
Central Bedfordshire,2023,4200,3900,275.0,0.06616752781026572,3300.0,E06000056
Northumberland,2016,8000,7500,400.0,0.04926528156613503,5800.0,E06000057
Northumberland,2017,7800,7100,375.0,0.05121229727320872,5400.0,E06000057
Northumberland,2018,7800,7400,500.0,0.06569254726528921,5400.0,E06000057
Northumberland,2019,7800,7400,600.0,0.07647983054614325,5600.0,E06000057
Northumberland,2020,8200,7800,600.0,0.07415934077975932,6000.0,E06000057
Northumberland,2021,7700,7400,800.0,0.0987393336903648,5800.0,E06000057
Northumberland,2022,7200,6800,500.0,0.0672515823600394,5600.0,E06000057
Northumberland,2023,7600,7100,450.0,0.05951406049672966,6000.0,E06000057
Buckinghamshire,2016,10500,9200,650.0,0.06548739427114851,7300.0,E06000060
Buckinghamshire,2017,10500,9200,700.0,0.07121053292449758,7400.0,E06000060
Buckinghamshire,2018,10500,9200,700.0,0.07252039074731861,7300.0,E06000060
Buckinghamshire,2019,10500,9000,900.0,0.0903199858639013,7500.0,E06000060
Buckinghamshire,2020,11500,9600,700.0,0.06671743238836991,8000.0,E06000060
Buckinghamshire,2021,11000,9200,1000.0,0.10228515457130798,7700.0,E06000060
Buckinghamshire,2022,11000,9100,950.0,0.09477862050751205,7800.0,E06000060
Buckinghamshire,2023,11500,10000,1000.0,0.08954563940366417,8600.0,E06000060
North Yorkshire,2016,14500,13500,650.0,0.04640062959941482,10500.0,E06000065
North Yorkshire,2017,14500,13500,800.0,0.05470436726847359,10500.0,E06000065
North Yorkshire,2018,15000,14000,1100.0,0.07136084454422364,11000.0,E06000065
North Yorkshire,2019,16000,15000,1000.0,0.06360201670781723,11500.0,E06000065
North Yorkshire,2020,15500,14500,900.0,0.05667333242030966,11500.0,E06000065
North Yorkshire,2021,15000,14000,1500.0,0.09695976456053511,11000.0,E06000065
North Yorkshire,2022,15000,14500,1400.0,0.0917381796491846,11500.0,E06000065
North Yorkshire,2023,15000,14000,950.0,0.06325079140569476,11500.0,E06000065
Somerset,2016,15500,14500,700.0,0.04399911109280375,11500.0,E06000066
Somerset,2017,16000,15000,950.0,0.05842182551507408,11000.0,E06000066
Somerset,2018,15000,14500,1100.0,0.07337874847171598,10500.0,E06000066
Somerset,2019,15000,14500,900.0,0.05931760703684858,10500.0,E06000066
Somerset,2020,15500,14500,950.0,0.06087824835635352,11000.0,E06000066
Somerset,2021,14500,13500,1200.0,0.08378823387245601,10500.0,E06000066
Somerset,2022,14000,13000,1000.0,0.0730604818584659,10500.0,E06000066
Somerset,2023,15500,14500,1300.0,0.08253427712072878,12000.0,E06000066
Bolton,2016,4700,4000,150.0,0.03325848565661684,3300.0,E08000001
Bolton,2017,5100,4500,225.0,0.04511040030251502,3600.0,E08000001
Bolton,2018,5300,4600,275.0,0.05768355597346766,3600.0,E08000001
Bolton,2019,5700,5100,250.0,0.04794921231758438,3800.0,E08000001
Bolton,2020,6100,5600,275.0,0.04546818551722148,4200.0,E08000001
Bolton,2021,6300,5900,550.0,0.08763925927662562,4300.0,E08000001
Bolton,2022,6000,5600,550.0,0.08543852272865843,4200.0,E08000001
Bolton,2023,6900,6100,550.0,0.08128391822595156,5100.0,E08000001
Bury,2016,4100,3800,250.0,0.06236172642110116,3000.0,E08000002
Bury,2017,4100,3700,275.0,0.0656284192081179,3100.0,E08000002
Bury,2018,4600,4200,275.0,0.06311503259127321,3300.0,E08000002
Bury,2019,4600,4200,200.0,0.04761357603919637,3400.0,E08000002
Bury,2020,4800,4400,425.0,0.08925779604806719,3500.0,E08000002
Bury,2021,5000,4500,550.0,0.10582319979749101,3600.0,E08000002
Bury,2022,4600,4200,650.0,0.1289194917298419,3400.0,E08000002
Bury,2023,4500,4200,400.0,0.08770017989060672,3400.0,E08000002
Manchester,2016,8400,7000,250.0,0.03338275757703714,6100.0,E08000003
Manchester,2017,8400,7200,475.0,0.06064486070334054,6100.0,E08000003
Manchester,2018,9100,8100,500.0,0.05708451573648392,6500.0,E08000003
Manchester,2019,8400,7500,325.0,0.04186025234557605,6300.0,E08000003
Manchester,2020,9100,8100,500.0,0.05880941476577237,6800.0,E08000003
Manchester,2021,8600,7800,800.0,0.09177548953392899,6400.0,E08000003
Manchester,2022,9200,8300,950.0,0.10325039491094187,7000.0,E08000003
Manchester,2023,9900,8500,850.0,0.09150518868202481,7600.0,E08000003
Oldham,2016,4900,4400,225.0,0.05013063738722953,3500.0,E08000004
Oldham,2017,4900,4600,325.0,0.06419389495571728,3500.0,E08000004
Oldham,2018,5200,5000,275.0,0.05398185176874337,3800.0,E08000004
Oldham,2019,5600,5400,300.0,0.0530988965121159,4100.0,E08000004
Oldham,2020,5300,4900,200.0,0.04012477997738612,3900.0,E08000004
Oldham,2021,5400,5000,425.0,0.07825654508601297,4100.0,E08000004
Oldham,2022,5600,5200,275.0,0.05193186727976508,4300.0,E08000004
Oldham,2023,6100,5500,250.0,0.04207395049824127,4700.0,E08000004
Rochdale,2016,4700,4400,175.0,0.03960826508762296,3400.0,E08000005
Rochdale,2017,4700,4500,250.0,0.05139854495957431,3300.0,E08000005
Rochdale,2018,5100,4600,200.0,0.04134858708217203,3700.0,E08000005
Rochdale,2019,4800,4400,225.0,0.04847873733495455,3500.0,E08000005
Rochdale,2020,4600,4400,150.0,0.03412202843265483,3200.0,E08000005
Rochdale,2021,4500,4300,250.0,0.05731824008175276,3200.0,E08000005
Rochdale,2022,4800,4600,225.0,0.04890120213290166,3400.0,E08000005
Rochdale,2023,5400,4700,100.0,0.02158564025936442,3900.0,E08000005
Salford,2016,4700,4300,,,,E08000006
Salford,2017,4700,4400,,,,E08000006
Salford,2018,4700,4300,,,,E08000006
Salford,2019,4800,4500,,,,E08000006
Salford,2020,5100,4800,,,,E08000006
Salford,2021,5400,5100,,,,E08000006
Salford,2022,5400,4900,,,,E08000006
Salford,2023,5800,5200,500.0,0.09012202048797263,4500.0,E08000006
Stockport,2016,5600,5100,325.0,0.06046826470814357,3800.0,E08000007
Stockport,2017,5900,5400,425.0,0.07244941838719138,4000.0,E08000007
Stockport,2018,6100,5700,550.0,0.09045734936407909,4300.0,E08000007
Stockport,2019,6200,5800,475.0,0.07716157359510355,4300.0,E08000007
Stockport,2020,6300,5700,500.0,0.0792689190617104,4400.0,E08000007
Stockport,2021,6200,5500,600.0,0.0966893096966156,4200.0,E08000007
Stockport,2022,6900,6400,750.0,0.10402671924868741,4900.0,E08000007
Stockport,2023,7600,6900,600.0,0.07908890294580535,5400.0,E08000007
Tameside,2016,3100,2900,150.0,0.05034871020300827,2100.0,E08000008
Tameside,2017,3500,3400,175.0,0.04677296383575491,2400.0,E08000008
Tameside,2018,3600,3500,200.0,0.05350539858596625,2500.0,E08000008
Tameside,2019,3600,3500,175.0,0.04616277373547253,2500.0,E08000008
Tameside,2020,3700,3500,150.0,0.03882729081306693,2600.0,E08000008
Tameside,2021,3700,3500,275.0,0.07238034388400075,2600.0,E08000008
Tameside,2022,3700,3500,275.0,0.07229572940623762,2700.0,E08000008
Tameside,2023,4100,3600,200.0,0.05440672063997704,3000.0,E08000008
Trafford,2016,4600,4200,350.0,0.07807495132462336,3100.0,E08000009
Trafford,2017,4600,4200,400.0,0.08459998558612486,3100.0,E08000009
Trafford,2018,4800,4300,300.0,0.06361263014814067,3100.0,E08000009
Trafford,2019,4800,4500,475.0,0.09627165189055184,3200.0,E08000009
Trafford,2020,4800,4500,,,3300.0,E08000009
Trafford,2021,4700,4300,550.0,0.10996362945163404,3300.0,E08000009
Trafford,2022,4800,4400,450.0,0.09066291168886018,3400.0,E08000009
Trafford,2023,4700,4300,350.0,0.07520519116475846,3400.0,E08000009
Wigan,2016,5600,5100,200.0,0.03747907279234974,3900.0,E08000010
Wigan,2017,5400,5200,400.0,0.07152645532817922,3800.0,E08000010
Wigan,2018,6200,5900,,,4300.0,E08000010
Wigan,2019,5900,5400,275.0,0.04812967570240045,4100.0,E08000010
Wigan,2020,6100,5600,200.0,0.03484086268025873,4300.0,E08000010
Wigan,2021,6200,5700,400.0,0.06620155820692729,4300.0,E08000010
Wigan,2022,5900,5300,300.0,0.05383632217072189,4400.0,E08000010
Wigan,2023,6800,6100,275.0,0.04515413844571073,5000.0,E08000010
Knowsley,2016,4500,3800,200.0,0.04916798140710912,3200.0,E08000011
Knowsley,2017,3100,2900,125.0,0.04230624968257905,,E08000011
Knowsley,2018,3200,3000,200.0,0.06280872949297873,2300.0,E08000011
Knowsley,2019,3500,3200,,,2700.0,E08000011
Knowsley,2020,3800,3600,175.0,0.04487188028155636,2900.0,E08000011
Knowsley,2021,3400,3300,250.0,0.07052479619817713,2600.0,E08000011
Knowsley,2022,3400,3200,250.0,0.07042650826280605,2700.0,E08000011
Knowsley,2023,3400,3300,200.0,0.06023591206311642,2600.0,E08000011
Liverpool,2016,13500,12500,1300.0,0.09487351512392213,10500.0,E08000012
Liverpool,2017,14500,13000,1400.0,0.09496033149905456,11000.0,E08000012
Liverpool,2018,14000,13000,1100.0,0.0748023962951814,11000.0,E08000012
Liverpool,2019,13500,12500,1200.0,0.08959262887691366,10500.0,E08000012
Liverpool,2020,13500,12500,950.0,0.06940111740257758,10500.0,E08000012
Liverpool,2021,13500,12500,1600.0,0.11134038053945212,10500.0,E08000012
Liverpool,2022,13000,12500,,,10000.0,E08000012
Liverpool,2023,13500,12500,900.0,0.06764711351039132,10500.0,E08000012
St Helens,2016,3600,3400,,,2700.0,E08000013
St Helens,2017,3800,3600,225.0,0.06061476055693882,2700.0,E08000013
St Helens,2018,3800,3600,225.0,0.05541290175554454,2600.0,E08000013
St Helens,2019,4000,3900,,,2900.0,E08000013
St Helens,2020,4100,3900,175.0,0.04100223317521565,3000.0,E08000013
St Helens,2021,4000,3800,400.0,0.09385491245586465,3000.0,E08000013
St Helens,2022,4200,4000,350.0,0.08098704349163192,3100.0,E08000013
St Helens,2023,4600,4300,450.0,0.09272543735263411,3500.0,E08000013
Sefton,2016,8700,7800,650.0,0.07976305154879884,6000.0,E08000014
Sefton,2017,9800,9100,1100.0,0.10532287747888941,7100.0,E08000014
Sefton,2018,9200,8500,900.0,0.09618678041009131,6600.0,E08000014
Sefton,2019,9400,8500,700.0,0.07772895688297449,6800.0,E08000014
Sefton,2020,9600,8600,700.0,0.07624323253630404,7300.0,E08000014
Sefton,2021,9200,8300,950.0,0.10470069316390446,6900.0,E08000014
Sefton,2022,8800,8200,800.0,0.09047129435627206,6700.0,E08000014
Sefton,2023,9600,8900,1100.0,0.11194260688692685,7200.0,E08000014
Wirral,2016,8100,7300,275.0,0.03564063108944611,5800.0,E08000015
Wirral,2017,8000,7400,350.0,0.04597759075802962,5800.0,E08000015
Wirral,2018,8100,7600,500.0,0.06294134499781225,5900.0,E08000015
Wirral,2019,8400,7800,475.0,0.05687242181200344,6100.0,E08000015
Wirral,2020,8300,7600,350.0,0.04345320038295764,5900.0,E08000015
Wirral,2021,8200,7500,650.0,0.0808938165675241,5900.0,E08000015
Wirral,2022,8200,7600,600.0,0.07224743203772643,6000.0,E08000015
Wirral,2023,8500,7600,475.0,0.05879046000723565,6300.0,E08000015
Barnsley,2016,4800,4600,200.0,0.04101564386337327,3600.0,E08000016
Barnsley,2017,4900,4600,225.0,0.04520999216093892,3600.0,E08000016
Barnsley,2018,4700,4500,350.0,0.07095059821459937,3500.0,E08000016
Barnsley,2019,4900,4600,275.0,0.05440649427453011,3700.0,E08000016
Barnsley,2020,5200,4900,275.0,0.0542441822700505,4000.0,E08000016
Barnsley,2021,5200,4900,500.0,0.09222473726718872,4100.0,E08000016
Barnsley,2022,5100,4900,375.0,0.07117152281351831,4100.0,E08000016
Barnsley,2023,5300,5000,350.0,0.0667757927221656,4200.0,E08000016
Doncaster,2016,6000,5600,550.0,0.0860064498012229,4700.0,E08000017
Doncaster,2017,6600,6300,375.0,0.05816187481520753,5000.0,E08000017
Doncaster,2018,6500,6200,300.0,0.04731873349500002,4800.0,E08000017
Doncaster,2019,6900,6600,375.0,0.05435146170276072,5300.0,E08000017
Doncaster,2020,7200,6800,600.0,0.07947999871103567,5700.0,E08000017
Doncaster,2021,6800,6400,700.0,0.09541392129518735,5500.0,E08000017
Doncaster,2022,6900,6500,550.0,0.0764631754853079,5600.0,E08000017
Doncaster,2023,6900,6400,600.0,0.08854856298347326,5400.0,E08000017
Rotherham,2016,6200,5900,275.0,0.04247482210000322,4400.0,E08000018
Rotherham,2017,6300,6000,250.0,0.04000117690289334,4500.0,E08000018
Rotherham,2018,5800,5600,350.0,0.05780883185927141,4100.0,E08000018
Rotherham,2019,6000,5800,250.0,0.03987187320657956,4200.0,E08000018
Rotherham,2020,6100,5800,225.0,0.03740560703698557,4300.0,E08000018
Rotherham,2021,5900,5600,475.0,0.07698465273481633,4300.0,E08000018
Rotherham,2022,5800,5500,375.0,0.06282554196242786,4300.0,E08000018
Rotherham,2023,6900,6600,250.0,0.03606026221823114,5300.0,E08000018
Sheffield,2016,12500,11500,750.0,0.06176569596283427,8800.0,E08000019
Sheffield,2017,13000,12000,650.0,0.05223699783358701,9200.0,E08000019
Sheffield,2018,12500,11500,600.0,0.05052934147129232,8800.0,E08000019
Sheffield,2019,13000,11500,800.0,0.0662832410095799,8900.0,E08000019
Sheffield,2020,12500,11000,1000.0,0.08098973209397994,8700.0,E08000019
Sheffield,2021,11500,10000,1100.0,0.10038688327696048,8300.0,E08000019
Sheffield,2022,12000,11000,1300.0,0.10807291096261284,8800.0,E08000019
Sheffield,2023,13000,11500,700.0,0.05770638730283336,9800.0,E08000019
Gateshead,2016,4200,4000,150.0,0.03785334251917324,3200.0,E08000020
Gateshead,2017,4100,3800,225.0,0.05368420990963636,3200.0,E08000020
Gateshead,2018,4500,4200,250.0,0.05704553943982559,3500.0,E08000020
Gateshead,2019,4600,4300,325.0,0.07023045979587762,3500.0,E08000020
Gateshead,2020,4700,4500,,,3500.0,E08000020
Gateshead,2021,4600,4400,425.0,0.08949057326902612,3500.0,E08000020
Gateshead,2022,5100,4600,400.0,0.07775666797245102,3800.0,E08000020
Gateshead,2023,5200,4800,275.0,0.05567629047954303,4000.0,E08000020
Newcastle upon Tyne,2016,8300,7700,475.0,0.05690060182587088,6200.0,E08000021
Newcastle upon Tyne,2017,8200,7400,425.0,0.05511778885313445,6100.0,E08000021
Newcastle upon Tyne,2018,7900,7300,425.0,0.05492117989993777,5900.0,E08000021
Newcastle upon Tyne,2019,7600,6800,450.0,0.06126468187627542,5900.0,E08000021
Newcastle upon Tyne,2020,7800,7400,600.0,0.07551811786469285,5900.0,E08000021
Newcastle upon Tyne,2021,7500,7100,750.0,0.09463241927809207,5700.0,E08000021
Newcastle upon Tyne,2022,7400,7000,750.0,0.09888894126127333,5700.0,E08000021
Newcastle upon Tyne,2023,8200,7500,500.0,0.06381736547592014,6300.0,E08000021
North Tyneside,2016,4900,4600,150.0,0.02962651206487653,3500.0,E08000022
North Tyneside,2017,5300,4700,325.0,0.06437957608319472,,E08000022
North Tyneside,2018,5200,4900,325.0,0.06241323501200701,3700.0,E08000022
North Tyneside,2019,5400,5200,250.0,0.04467313339994979,4000.0,E08000022
North Tyneside,2020,5500,5300,350.0,0.06042410311713151,4100.0,E08000022
North Tyneside,2021,5100,4900,600.0,0.11102314702926093,3700.0,E08000022
North Tyneside,2022,5300,5000,450.0,0.08031362468847746,4100.0,E08000022
North Tyneside,2023,5600,5200,400.0,0.07047663577140512,4300.0,E08000022
South Tyneside,2016,3100,3000,,,,E08000023
South Tyneside,2017,3100,2800,,,,E08000023
South Tyneside,2018,3200,3000,,,,E08000023
South Tyneside,2019,3000,2800,,,,E08000023
South Tyneside,2020,3000,2900,,,,E08000023
South Tyneside,2021,2400,2300,,,,E08000023
South Tyneside,2022,2400,2200,,,,E08000023
South Tyneside,2023,2400,2200,125.0,0.05426604875668474,1900.0,E08000023
Sunderland,2016,5900,5300,275.0,0.04825127478773045,4200.0,E08000024
Sunderland,2017,6100,5800,225.0,0.03709034261928251,4400.0,E08000024
Sunderland,2018,6000,5600,250.0,0.04405410203604643,4400.0,E08000024
Sunderland,2019,6500,6000,350.0,0.05317714989966978,4700.0,E08000024
Sunderland,2020,6700,6300,400.0,0.0588573872818221,4900.0,E08000024
Sunderland,2021,6700,6400,550.0,0.07882819238757219,5000.0,E08000024
Sunderland,2022,7200,6700,500.0,0.06920942907525726,5400.0,E08000024
Sunderland,2023,6900,6400,450.0,0.06744743442696524,5300.0,E08000024
Birmingham,2016,23500,22000,1400.0,0.06101786710993795,16500.0,E08000025
Birmingham,2017,26000,23500,1600.0,0.06269734328520986,18000.0,E08000025
Birmingham,2018,26000,23500,1600.0,0.0643365188502475,18000.0,E08000025
Birmingham,2019,26000,23500,1200.0,0.04932285622343129,18000.0,E08000025
Birmingham,2020,27000,23500,1200.0,0.04792064789370238,18000.0,E08000025
Birmingham,2021,26000,22500,3300.0,0.126681442542447,18000.0,E08000025
Birmingham,2022,27000,23000,2400.0,0.09433155908740341,19000.0,E08000025
Birmingham,2023,28000,25000,1800.0,0.06536969968204663,20500.0,E08000025
Coventry,2016,6800,6300,550.0,0.07863699028676534,4900.0,E08000026
Coventry,2017,7300,6900,800.0,0.10358553978734274,5200.0,E08000026
Coventry,2018,7700,7300,650.0,0.08361014845374544,5200.0,E08000026
Coventry,2019,8000,7500,500.0,0.06290837865440496,5400.0,E08000026
Coventry,2020,7700,7300,650.0,0.08361844844812233,5300.0,E08000026
Coventry,2021,7100,6700,800.0,0.10646348579422106,5000.0,E08000026
Coventry,2022,7300,6800,900.0,0.11682529172208163,5200.0,E08000026
Coventry,2023,8100,7200,800.0,0.09916506634109415,5900.0,E08000026
Dudley,2016,5500,5200,225.0,0.04189990950207092,4100.0,E08000027
Dudley,2017,6000,5700,325.0,0.05456753960764417,4400.0,E08000027
Dudley,2018,6000,5600,400.0,0.0656863341416496,4300.0,E08000027
Dudley,2019,6100,5600,,,4300.0,E08000027
Dudley,2020,6400,5900,300.0,0.0495064760629831,4600.0,E08000027
Dudley,2021,6000,5500,350.0,0.05878230549481193,4400.0,E08000027
Dudley,2022,5900,5400,,,4300.0,E08000027
Dudley,2023,5800,5200,250.0,0.04778005855209967,4400.0,E08000027
Sandwell,2016,8900,8300,425.0,0.05013658759252884,6700.0,E08000028
Sandwell,2017,8800,8300,425.0,0.04744214519086221,6900.0,E08000028
Sandwell,2018,9100,8500,400.0,0.04567947758275887,7100.0,E08000028
Sandwell,2019,9000,8100,425.0,0.04980010453703365,6800.0,E08000028
Sandwell,2020,7900,7100,450.0,0.05901081633551854,5900.0,E08000028
Sandwell,2021,8000,7200,475.0,0.06084541707940271,6000.0,E08000028
Sandwell,2022,8400,7700,600.0,0.07452201405587836,6300.0,E08000028
Sandwell,2023,8400,7600,700.0,0.085838795314672,6400.0,E08000028
Solihull,2016,4500,4000,400.0,0.08976388693789687,3200.0,E08000029
Solihull,2017,4800,4400,300.0,0.06357955836532272,3500.0,E08000029
Solihull,2018,4700,4300,,,3300.0,E08000029
Solihull,2019,4800,4400,375.0,0.0796325888473764,3600.0,E08000029
Solihull,2020,5200,4700,325.0,0.06677910265110341,3800.0,E08000029
Solihull,2021,5000,4400,600.0,0.11952777211317157,3600.0,E08000029
Solihull,2022,5300,4600,,,3900.0,E08000029
Solihull,2023,5500,4700,550.0,0.10433482741209182,4100.0,E08000029
Walsall,2016,5400,5000,375.0,0.07102473707435145,3600.0,E08000030
Walsall,2017,5500,5200,500.0,0.09081042640767172,3900.0,E08000030
Walsall,2018,5500,5400,400.0,0.07007094897924866,3800.0,E08000030
Walsall,2019,5400,5100,375.0,0.06997204359848748,3700.0,E08000030
Walsall,2020,5600,5000,375.0,0.07004886946696444,3700.0,E08000030
Walsall,2021,5200,4600,550.0,0.10967533819297509,3600.0,E08000030
Walsall,2022,5700,4600,,,3900.0,E08000030
Walsall,2023,6000,5400,650.0,0.10592108805659226,4500.0,E08000030
Wolverhampton,2016,6300,6100,450.0,0.06806216332387487,4400.0,E08000031
Wolverhampton,2017,6400,6000,450.0,0.0680101887397831,4400.0,E08000031
Wolverhampton,2018,7200,6800,650.0,0.08652373443159563,4800.0,E08000031
Wolverhampton,2019,7100,6700,650.0,0.08946807776311075,4800.0,E08000031
Wolverhampton,2020,6900,6500,500.0,0.07039683265660518,4800.0,E08000031
Wolverhampton,2021,6600,6300,750.0,0.10834557871382855,4500.0,E08000031
Wolverhampton,2022,7400,6900,950.0,0.1207273235466209,5300.0,E08000031
Wolverhampton,2023,8600,8000,950.0,0.10517126969270894,6400.0,E08000031
Bradford,2016,11000,10500,,,8000.0,E08000032
Bradford,2017,10500,9700,1000.0,0.09250866170147806,7800.0,E08000032
Bradford,2018,11000,10500,800.0,0.06947057188811898,8100.0,E08000032
Bradford,2019,11000,10500,750.0,0.06868471519969092,7800.0,E08000032
Bradford,2020,11500,10500,650.0,0.05776917089195451,8100.0,E08000032
Bradford,2021,11500,10500,1100.0,0.09345114734667048,8300.0,E08000032
Bradford,2022,11000,10000,850.0,0.07759429022139021,8200.0,E08000032
Bradford,2023,12000,10500,900.0,0.07652418536298126,8900.0,E08000032
Calderdale,2016,4100,3700,200.0,0.04895044534810521,3000.0,E08000033
Calderdale,2017,4300,4000,,,3100.0,E08000033
Calderdale,2018,4100,3900,300.0,0.070384987609735,3000.0,E08000033
Calderdale,2019,4200,4000,175.0,0.04214173196626941,3100.0,E08000033
Calderdale,2020,4300,4100,175.0,0.04383079241937542,3200.0,E08000033
Calderdale,2021,4200,3900,350.0,0.08374851648453763,3100.0,E08000033
Calderdale,2022,4000,3700,200.0,0.05005138831452283,3000.0,E08000033
Calderdale,2023,4200,3900,250.0,0.06364499886678791,3100.0,E08000033
Kirklees,2016,8400,7900,425.0,0.05125449016218266,6100.0,E08000034
Kirklees,2017,8500,8000,375.0,0.04576792175292737,6200.0,E08000034
Kirklees,2018,8400,7800,400.0,0.04935766947684757,6100.0,E08000034
Kirklees,2019,8700,8000,375.0,0.04332878600823892,6100.0,E08000034
Kirklees,2020,9200,8700,200.0,0.02289225056804961,6400.0,E08000034
Kirklees,2021,9200,8300,600.0,0.06759305917390816,6400.0,E08000034
Kirklees,2022,8500,7600,475.0,0.05745119213984146,6200.0,E08000034
Kirklees,2023,8900,8000,325.0,0.03905342921763076,6600.0,E08000034
Leeds,2016,16500,15500,600.0,0.03895375897620126,12000.0,E08000035
Leeds,2017,16500,15500,800.0,0.04954286559269183,12000.0,E08000035
Leeds,2018,17000,16000,1100.0,0.06639918600012433,12500.0,E08000035
Leeds,2019,18000,16500,1200.0,0.06779322254182937,13000.0,E08000035
Leeds,2020,18500,17500,1200.0,0.06718598784068698,13500.0,E08000035
Leeds,2021,17500,16500,1800.0,0.09650060234743166,13000.0,E08000035
Leeds,2022,18500,17000,1700.0,0.08861888446390985,13500.0,E08000035
Leeds,2023,19000,18000,1500.0,0.07566635579691841,14500.0,E08000035
Wakefield,2016,6700,6200,400.0,0.06174626583655886,,E08000036
Wakefield,2017,6400,6000,475.0,0.07132865929381468,,E08000036
Wakefield,2018,6800,6500,425.0,0.06238452356146198,,E08000036
Wakefield,2019,7000,6500,475.0,0.0674026026079619,,E08000036
Wakefield,2020,7200,6700,475.0,0.06465347606715945,,E08000036
Wakefield,2021,7100,6700,700.0,0.09788228963104945,,E08000036
Wakefield,2022,7300,6800,500.0,0.0669425856991453,,E08000036
Wakefield,2023,7900,7300,550.0,0.06746091590871388,5900.0,E08000036
City of London,2016,1300,1200,25.0,0.01497726942037678,,E09000001
City of London,2017,1400,1300,,,,E09000001
City of London,2018,1600,1600,25.0,0.01725419578712065,,E09000001
City of London,2019,2200,1500,100.0,0.06037030882195162,,E09000001
City of London,2020,2900,1900,,,,E09000001
City of London,2021,3500,2800,225.0,0.07846796973870883,,E09000001
City of London,2022,3600,2600,150.0,0.05524282952653267,,E09000001
City of London,2023,3200,3100,175.0,0.05067830927230228,2300.0,E09000001
Barking & Dagenham,2016,4500,3600,,,,E09000002
Barking & Dagenham,2017,4800,4100,,,,E09000002
Barking & Dagenham,2018,5300,4500,,,,E09000002
Barking & Dagenham,2019,6000,4800,,,,E09000002
Barking & Dagenham,2020,5900,4200,,,,E09000002
Barking & Dagenham,2021,5800,4400,,,,E09000002
Barking & Dagenham,2022,5600,4600,,,,E09000002
Barking & Dagenham,2023,6100,5500,1400.0,0.19874361181467373,4500.0,E09000002
Barnet,2016,9600,7300,375.0,0.05003966728133797,,E09000003
Barnet,2017,9000,7200,500.0,0.06684758238384066,,E09000003
Barnet,2018,9100,7400,500.0,0.06433329165553482,,E09000003
Barnet,2019,9000,7100,500.0,0.06752200203657086,,E09000003
Barnet,2020,9600,7400,650.0,0.08040144242239415,,E09000003
Barnet,2021,9100,7000,1000.0,0.12542168949363577,,E09000003
Barnet,2022,9400,7100,700.0,0.09121366333943955,,E09000003
Barnet,2023,10000,7500,550.0,0.06576234169827956,7700.0,E09000003
Bexley,2016,4600,4100,500.0,0.1115171834858693,2900.0,E09000004
Bexley,2017,4500,4100,600.0,0.12600866643903275,2900.0,E09000004
Bexley,2018,4800,4500,500.0,0.10455960227087828,3100.0,E09000004
Bexley,2019,5200,4800,600.0,0.10845427447855598,3100.0,E09000004
Bexley,2020,5300,4700,750.0,0.13943830800417417,3200.0,E09000004
Bexley,2021,5000,4700,,,3200.0,E09000004
Bexley,2022,4700,4300,850.0,0.16358836967298304,3200.0,E09000004
Bexley,2023,4800,4300,600.0,0.1218016454403288,3400.0,E09000004
Brent,2016,5600,5100,,,,E09000005
Brent,2017,5800,5200,,,3800.0,E09000005
Brent,2018,5600,5200,,,3700.0,E09000005
Brent,2019,5800,4900,,,3700.0,E09000005
Brent,2020,5700,4900,,,3700.0,E09000005
Brent,2021,5700,4200,,,3700.0,E09000005
Brent,2022,5800,4300,,,4000.0,E09000005
Brent,2023,6200,4700,1000.0,0.178467246509299,4200.0,E09000005
Bromley,2016,6600,5900,350.0,0.05539249052347089,,E09000006
Bromley,2017,6500,6000,250.0,0.0382770225703794,4800.0,E09000006
Bromley,2018,6700,6000,375.0,0.05774958629518888,4700.0,E09000006
Bromley,2019,6500,5800,200.0,0.03402540477915018,4300.0,E09000006
Bromley,2020,6700,6000,200.0,0.03316095944273627,4400.0,E09000006
Bromley,2021,6400,5900,475.0,0.07576213420637294,4400.0,E09000006
Bromley,2022,6600,5900,600.0,0.08924201355064763,4700.0,E09000006
Bromley,2023,6500,5400,500.0,0.08737652592041452,4600.0,E09000006
Camden,2016,5200,4200,,,,E09000007
Camden,2017,5200,4300,,,,E09000007
Camden,2018,5500,4900,,,,E09000007
Camden,2019,5300,4300,,,,E09000007
Camden,2020,5500,4000,,,,E09000007
Camden,2021,5100,4000,,,,E09000007
Camden,2022,5600,4100,,,,E09000007
Camden,2023,5600,4100,900.0,0.17923896504604547,4300.0,E09000007
Croydon,2016,10500,8600,650.0,0.06806605024523994,7300.0,E09000008
Croydon,2017,11000,9400,1000.0,0.09731331816290945,7800.0,E09000008
Croydon,2018,11500,9800,950.0,0.08989596863520044,7800.0,E09000008
Croydon,2019,12000,10000,1000.0,0.09112240939454615,8300.0,E09000008
Croydon,2020,12500,10000,1000.0,0.08852022223140772,8300.0,E09000008
Croydon,2021,11000,9400,1000.0,0.09872535761874063,7900.0,E09000008
Croydon,2022,11000,9200,1400.0,0.12916432787092386,7900.0,E09000008
Croydon,2023,11500,9900,1400.0,0.12420361646977908,8900.0,E09000008
Ealing,2016,5500,4800,,,,E09000009
Ealing,2017,6200,5800,,,4200.0,E09000009
Ealing,2018,6100,5700,,,4000.0,E09000009
Ealing,2019,6900,6600,,,4300.0,E09000009
Ealing,2020,7000,6600,,,4300.0,E09000009
Ealing,2021,5900,5000,,,3800.0,E09000009
Ealing,2022,5400,4600,,,3600.0,E09000009
Ealing,2023,6100,5000,900.0,0.15205294128060132,4400.0,E09000009
Enfield,2016,6700,6200,500.0,0.07465541890226393,4600.0,E09000010
Enfield,2017,7000,6300,550.0,0.08261208218079866,4700.0,E09000010
Enfield,2018,7600,6900,550.0,0.07649955138744732,4900.0,E09000010
Enfield,2019,8500,7300,500.0,0.06661954102984627,5400.0,E09000010
Enfield,2020,8700,7700,550.0,0.06782967567619484,5500.0,E09000010
Enfield,2021,8000,6800,1200.0,0.14782858613318875,5300.0,E09000010
Enfield,2022,8200,6800,,,5800.0,E09000010
Enfield,2023,8800,7800,1000.0,0.11575055972937542,6200.0,E09000010
Greenwich,2016,4200,3300,,,,E09000011
Greenwich,2017,4800,4400,,,,E09000011
Greenwich,2018,4500,4200,,,3100.0,E09000011
Greenwich,2019,4800,4500,,,3100.0,E09000011
Greenwich,2020,5100,4600,,,3300.0,E09000011
Greenwich,2021,4600,4100,,,3100.0,E09000011
Greenwich,2022,4600,4000,,,3100.0,E09000011
Greenwich,2023,5100,4400,400.0,0.08171485820441077,3500.0,E09000011
Hackney,2016,3100,2200,,,,E09000012
Hackney,2017,3300,2600,,,2100.0,E09000012
Hackney,2018,3500,3000,,,2100.0,E09000012
Hackney,2019,4000,3600,,,2500.0,E09000012
Hackney,2020,4100,3400,,,2400.0,E09000012
Hackney,2021,4200,3400,,,2600.0,E09000012
Hackney,2022,4500,3600,,,2800.0,E09000012
Hackney,2023,4900,3300,750.0,0.1898411265705834,3000.0,E09000012
Hammersmith & Fulham,2016,2500,2300,50.0,0.02197903787888064,1600.0,E09000013
Hammersmith & Fulham,2017,2300,2100,75.0,0.03102577200528735,1600.0,E09000013
Hammersmith & Fulham,2018,2300,2200,50.0,0.02794272302222669,1600.0,E09000013
Hammersmith & Fulham,2019,2600,2400,50.0,0.02470972071675373,1700.0,E09000013
Hammersmith & Fulham,2020,2900,2700,75.0,0.02628644617501645,1800.0,E09000013
Hammersmith & Fulham,2021,2700,2600,300.0,0.10232408949706195,,E09000013
Hammersmith & Fulham,2022,2800,2600,,,,E09000013
Hammersmith & Fulham,2023,2800,2600,250.0,0.0839961942704057,2000.0,E09000013
Haringey,2016,3300,2800,175.0,0.05515814708762665,2300.0,E09000014
Haringey,2017,3600,3300,225.0,0.06565713883995246,2600.0,E09000014
Haringey,2018,3500,2900,250.0,0.07616775272335677,,E09000014
Haringey,2019,3600,2800,175.0,0.06191998033363486,2400.0,E09000014
Haringey,2020,4000,3200,150.0,0.0482564875460142,2800.0,E09000014
Haringey,2021,3500,3200,300.0,0.0855565639775191,,E09000014
Haringey,2022,3400,3000,225.0,0.07092857529760367,,E09000014
Haringey,2023,3400,3200,250.0,0.07480158174045268,2500.0,E09000014
Harrow,2016,5300,4300,,,3500.0,E09000015
Harrow,2017,5900,5000,,,3900.0,E09000015
Harrow,2018,5300,4400,,,3600.0,E09000015
Harrow,2019,5000,4400,,,3200.0,E09000015
Harrow,2020,5600,4700,,,3600.0,E09000015
Harrow,2021,4800,4100,,,3200.0,E09000015
Harrow,2022,5300,4400,,,3700.0,E09000015
Harrow,2023,5800,5100,400.0,0.07208907283329365,4300.0,E09000015
Havering,2016,5000,4000,,,3300.0,E09000016
Havering,2017,5400,4500,425.0,0.08664958410545684,3600.0,E09000016
Havering,2018,5900,5200,,,3800.0,E09000016
Havering,2019,6300,5300,500.0,0.08991140016652799,4000.0,E09000016
Havering,2020,7100,6200,,,4400.0,E09000016
Havering,2021,6500,5600,700.0,0.10826743322498214,,E09000016
Havering,2022,6500,5700,700.0,0.1071597612060606,4200.0,E09000016
Havering,2023,6900,5800,475.0,0.07566383152783365,4700.0,E09000016
Hillingdon,2016,4500,4100,325.0,0.07341058734466115,3200.0,E09000017
Hillingdon,2017,4900,4300,,,3600.0,E09000017
Hillingdon,2018,5200,4400,425.0,0.08794921024059911,3600.0,E09000017
Hillingdon,2019,5200,4100,475.0,0.10388289274213998,3600.0,E09000017
Hillingdon,2020,5200,4300,450.0,0.09586617652548514,3400.0,E09000017
Hillingdon,2021,4700,4000,700.0,0.14515213747551192,3200.0,E09000017
Hillingdon,2022,4900,4000,700.0,0.15022644569580462,3500.0,E09000017
Hillingdon,2023,5300,4600,650.0,0.12829905678279355,3900.0,E09000017
Hounslow,2016,4000,3800,,,2400.0,E09000018
Hounslow,2017,3600,3400,600.0,0.14417017692725936,2200.0,E09000018
Hounslow,2018,3800,3600,600.0,0.14600956597710918,2300.0,E09000018
Hounslow,2019,3800,3700,600.0,0.14576001686469822,2300.0,E09000018
Hounslow,2020,4100,3700,750.0,0.1665414942287009,2500.0,E09000018
Hounslow,2021,4300,3900,1000.0,0.20528377206066117,2700.0,E09000018
Hounslow,2022,4400,4200,850.0,0.16541629984612027,2600.0,E09000018
Hounslow,2023,5100,4700,950.0,0.16865315181098553,3300.0,E09000018
Islington,2016,5300,4800,,,,E09000019
Islington,2017,5200,4800,250.0,0.050275788126359,,E09000019
Islington,2018,4900,4400,200.0,0.0408754237895069,,E09000019
Islington,2019,5000,4400,275.0,0.06023219142562951,,E09000019
Islington,2020,5900,5200,125.0,0.02407298885531432,,E09000019
Islington,2021,5600,5100,375.0,0.06688391417315465,,E09000019
Islington,2022,5700,4900,275.0,0.05171322729798583,,E09000019
Islington,2023,5800,4400,325.0,0.06646024742473072,3900.0,E09000019
Kensington & Chelsea,2016,2400,2100,,,1700.0,E09000020
Kensington & Chelsea,2017,2400,2100,,,1700.0,E09000020
Kensington & Chelsea,2018,2600,2400,,,1800.0,E09000020
Kensington & Chelsea,2019,2700,2600,200.0,0.068751976674992,,E09000020
Kensington & Chelsea,2020,2500,2500,,,,E09000020
Kensington & Chelsea,2021,2200,2000,,,,E09000020
Kensington & Chelsea,2022,2100,1900,250.0,0.11454618020200905,,E09000020
Kensington & Chelsea,2023,2100,2000,175.0,0.08072352276787721,,E09000020
Kingston upon Thames,2016,3400,3100,,,,E09000021
Kingston upon Thames,2017,3600,3300,400.0,0.11020593007363746,,E09000021
Kingston upon Thames,2018,3400,3200,475.0,0.127535402474894,,E09000021
Kingston upon Thames,2019,3700,3400,475.0,0.12040994576720848,,E09000021
Kingston upon Thames,2020,4100,3900,,,,E09000021
Kingston upon Thames,2021,4200,3900,800.0,0.1728616551470933,,E09000021
Kingston upon Thames,2022,4100,3700,,,,E09000021
Kingston upon Thames,2023,4200,3700,400.0,0.0965887743011197,3100.0,E09000021
Lambeth,2016,6700,6200,,,,E09000022
Lambeth,2017,7100,6600,350.0,0.05006893709110234,,E09000022
Lambeth,2018,8200,7600,450.0,0.05565694327756288,,E09000022
Lambeth,2019,8000,7400,350.0,0.04408013748321284,,E09000022
Lambeth,2020,8200,6700,275.0,0.03950011634195309,,E09000022
Lambeth,2021,6500,5900,700.0,0.10838266673668938,,E09000022
Lambeth,2022,6200,5400,475.0,0.08033921719585575,,E09000022
Lambeth,2023,6200,5600,275.0,0.04758047527012551,4600.0,E09000022
Lewisham,2016,6600,4700,,,4300.0,E09000023
Lewisham,2017,5500,4600,,,3600.0,E09000023
Lewisham,2018,5400,4100,,,3500.0,E09000023
Lewisham,2019,5200,4300,,,3500.0,E09000023
Lewisham,2020,5600,4800,,,3700.0,E09000023
Lewisham,2021,5700,4700,,,3600.0,E09000023
Lewisham,2022,5500,4700,,,3700.0,E09000023
Lewisham,2023,5600,4500,300.0,0.06314866294532796,4100.0,E09000023
Merton,2016,4300,3900,,,2700.0,E09000024
Merton,2017,4400,4100,550.0,0.11684380260776467,2700.0,E09000024
Merton,2018,4100,3900,500.0,0.11343311534765532,2600.0,E09000024
Merton,2019,4100,3800,425.0,0.10234718156928412,2500.0,E09000024
Merton,2020,3900,3600,,,2500.0,E09000024
Merton,2021,4000,2900,,,2600.0,E09000024
Merton,2022,4100,3000,500.0,0.14896113097025515,2700.0,E09000024
Merton,2023,4000,3100,400.0,0.1177574646332858,2700.0,E09000024
Newham,2016,4300,3700,,,2600.0,E09000025
Newham,2017,4400,3900,,,2700.0,E09000025
Newham,2018,4200,3800,,,2600.0,E09000025
Newham,2019,4500,4200,,,2900.0,E09000025
Newham,2020,4600,3700,,,2900.0,E09000025
Newham,2021,4800,3700,,,3000.0,E09000025
Newham,2022,5100,3700,,,3200.0,E09000025
Newham,2023,5100,3500,800.0,0.18483938362515795,3500.0,E09000025
Redbridge,2016,7000,6300,600.0,0.08918902837379201,4200.0,E09000026
Redbridge,2017,7200,6600,800.0,0.10722702913504001,4300.0,E09000026
Redbridge,2018,6800,6100,850.0,0.1204128908634096,4000.0,E09000026
Redbridge,2019,7400,6700,850.0,0.1133436407471624,4200.0,E09000026
Redbridge,2020,7600,6900,700.0,0.09049533051880765,4300.0,E09000026
Redbridge,2021,6700,6200,900.0,0.1268192665457053,4100.0,E09000026
Redbridge,2022,6800,6200,,,4300.0,E09000026
Redbridge,2023,7400,6800,550.0,0.0759378782508946,4800.0,E09000026
Richmond upon Thames,2016,2800,2500,,,2000.0,E09000027
Richmond upon Thames,2017,3100,2900,,,2200.0,E09000027
Richmond upon Thames,2018,3300,3000,350.0,0.10408869892856142,2300.0,E09000027
Richmond upon Thames,2019,3300,3000,175.0,0.05297931787276951,2200.0,E09000027
Richmond upon Thames,2020,3600,3300,300.0,0.0836463615073941,2400.0,E09000027
Richmond upon Thames,2021,3400,3000,275.0,0.08635442512170484,2300.0,E09000027
Richmond upon Thames,2022,3200,3000,300.0,0.09451491998844334,2400.0,E09000027
Richmond upon Thames,2023,3200,2900,200.0,0.0655253543378904,2400.0,E09000027
Southwark,2016,4300,4000,200.0,0.04796383306681464,2600.0,E09000028
Southwark,2017,4600,4000,250.0,0.05997423135873455,3000.0,E09000028
Southwark,2018,4700,4400,,,3100.0,E09000028
Southwark,2019,4500,4000,350.0,0.07874667410686752,2900.0,E09000028
Southwark,2020,4600,4100,,,3000.0,E09000028
Southwark,2021,4900,3800,550.0,0.12467910276071693,3300.0,E09000028
Southwark,2022,5100,4100,475.0,0.10271592792897152,3600.0,E09000028
Southwark,2023,5700,4600,400.0,0.07840300837359694,4000.0,E09000028
Sutton,2016,4700,4500,,,3200.0,E09000029
Sutton,2017,4700,4300,,,3300.0,E09000029
Sutton,2018,4800,4500,,,3200.0,E09000029
Sutton,2019,5300,4900,,,3500.0,E09000029
Sutton,2020,5400,4900,,,3600.0,E09000029
Sutton,2021,5000,4500,,,3400.0,E09000029
Sutton,2022,4900,4400,,,3400.0,E09000029
Sutton,2023,5000,4500,750.0,0.1453270269022456,3600.0,E09000029
Tower Hamlets,2016,4800,4400,350.0,0.07225585161621224,2800.0,E09000030
Tower Hamlets,2017,5400,4900,325.0,0.06096033515147113,3300.0,E09000030
Tower Hamlets,2018,5400,5000,175.0,0.03569283486566852,3300.0,E09000030
Tower Hamlets,2019,6300,5800,325.0,0.05382638193121494,3500.0,E09000030
Tower Hamlets,2020,6100,5600,400.0,0.06822702268819669,3500.0,E09000030
Tower Hamlets,2021,6400,5200,550.0,0.09478031416818294,4100.0,E09000030
Tower Hamlets,2022,6300,5200,550.0,0.09781824875231708,3800.0,E09000030
Tower Hamlets,2023,6300,5600,375.0,0.06328171787944861,4200.0,E09000030
Waltham Forest,2016,4000,3600,,,2800.0,E09000031
Waltham Forest,2017,4100,3700,,,2900.0,E09000031
Waltham Forest,2018,3700,3300,,,2700.0,E09000031
Waltham Forest,2019,3800,3300,,,2800.0,E09000031
Waltham Forest,2020,4000,3500,,,2900.0,E09000031
Waltham Forest,2021,4100,3300,,,2900.0,E09000031
Waltham Forest,2022,4100,3400,,,3000.0,E09000031
Waltham Forest,2023,4300,3600,550.0,0.12994758529316147,3200.0,E09000031
Wandsworth,2016,4700,4300,225.0,0.05156655269529173,3500.0,E09000032
Wandsworth,2017,5200,4600,225.0,0.04733598347208753,3900.0,E09000032
Wandsworth,2018,5100,4600,,,3800.0,E09000032
Wandsworth,2019,4700,4400,250.0,0.05488646407167855,3400.0,E09000032
Wandsworth,2020,4900,4400,375.0,0.07763017058691248,3600.0,E09000032
Wandsworth,2021,4600,4200,450.0,0.0976662087305999,3500.0,E09000032
Wandsworth,2022,5000,4300,500.0,0.10628821536960051,3800.0,E09000032
Wandsworth,2023,5400,4700,425.0,0.08544475693670842,4200.0,E09000032
Westminster,2016,4600,4400,,,3400.0,E09000033
Westminster,2017,5000,4600,,,3800.0,E09000033
Westminster,2018,5000,4500,,,3700.0,E09000033
Westminster,2019,5300,4900,,,3800.0,E09000033
Westminster,2020,5600,5100,,,4200.0,E09000033
Westminster,2021,5300,4900,,,4000.0,E09000033
Westminster,2022,5400,5000,,,4200.0,E09000033
Westminster,2023,5900,5000,400.0,0.07535080650900593,4500.0,E09000033
Cambridgeshire,2016,11000,10000,700.0,0.06434424001821833,7900.0,E10000003
Cambridgeshire,2017,11500,10500,650.0,0.06037854294976589,8300.0,E10000003
Cambridgeshire,2018,11500,10500,850.0,0.0751977540252443,8700.0,E10000003
Cambridgeshire,2019,12000,11000,800.0,0.06918140461108024,9000.0,E10000003
Cambridgeshire,2020,12500,12000,850.0,0.06679690944216228,9600.0,E10000003
Cambridgeshire,2021,11500,11000,1200.0,0.10095840072204898,8600.0,E10000003
Cambridgeshire,2022,12000,11000,1300.0,0.10234429703451936,8900.0,E10000003
Cambridgeshire,2023,13500,12500,1100.0,0.0795456577384109,10500.0,E10000003
Derbyshire,2016,17000,16000,850.0,0.05121867521199285,12000.0,E10000007
Derbyshire,2017,17000,16000,1000.0,0.05773315403157022,12000.0,E10000007
Derbyshire,2018,16500,15500,1200.0,0.07220752740027207,11500.0,E10000007
Derbyshire,2019,17000,16000,1000.0,0.05905927582812724,12000.0,E10000007
Derbyshire,2020,18000,16500,950.0,0.05387598743927111,12500.0,E10000007
Derbyshire,2021,16500,15500,1500.0,0.08751556433798816,12000.0,E10000007
Derbyshire,2022,16500,15500,1300.0,0.07664613701213352,12000.0,E10000007
Derbyshire,2023,17000,16000,1000.0,0.06120728457369245,12500.0,E10000007
Devon,2016,21500,20500,1200.0,0.05723957957310436,15500.0,E10000008
Devon,2017,21000,20000,1100.0,0.05135848577909458,15000.0,E10000008
Devon,2018,20500,19500,1500.0,0.07012443441656917,15000.0,E10000008
Devon,2019,20500,19000,1500.0,0.07302110070984179,15000.0,E10000008
Devon,2020,21500,19500,1400.0,0.06823895250610815,15500.0,E10000008
Devon,2021,20000,18500,2000.0,0.09904747003395727,14500.0,E10000008
Devon,2022,19500,18000,1900.0,0.09359468147978003,14500.0,E10000008
Devon,2023,20000,18500,1400.0,0.0721252864598337,15000.0,E10000008
East Sussex,2016,17000,16000,950.0,0.05707317259857774,12500.0,E10000011
East Sussex,2017,17500,16500,950.0,0.05527287695948243,13000.0,E10000011
East Sussex,2018,16500,16000,1100.0,0.06610903669682286,12500.0,E10000011
East Sussex,2019,16000,14500,1000.0,0.06311450308395296,11500.0,E10000011
East Sussex,2020,16000,15000,700.0,0.04541104923197553,11500.0,E10000011
East Sussex,2021,15000,14000,1400.0,0.09017420720185498,11000.0,E10000011
East Sussex,2022,15500,14000,1100.0,0.0747356524970835,11500.0,E10000011
East Sussex,2023,16000,14500,950.0,0.05955424225864903,12000.0,E10000011
Essex,2016,31000,28000,1900.0,0.06331162546958022,22500.0,E10000012
Essex,2017,31000,29000,2400.0,0.07634544414917976,23000.0,E10000012
Essex,2018,33000,30000,2500.0,0.07606279215537057,24000.0,E10000012
Essex,2019,32000,29000,2500.0,0.07796304711911801,23000.0,E10000012
Essex,2020,33000,30000,3100.0,0.09348215472383582,24000.0,E10000012
Essex,2021,31000,28000,4000.0,0.12516254641371746,22000.0,E10000012
Essex,2022,32000,29000,3600.0,0.11045035632651042,23500.0,E10000012
Essex,2023,33000,30000,3500.0,0.10368605710228107,25000.0,E10000012
Gloucestershire,2016,16500,15000,1200.0,0.07617644017486823,12500.0,E10000013
Gloucestershire,2017,17000,15500,1000.0,0.0625049400188783,13000.0,E10000013
Gloucestershire,2018,17500,15500,1100.0,0.06813135637433233,13000.0,E10000013
Gloucestershire,2019,17500,16000,900.0,0.05331314608074373,13500.0,E10000013
Gloucestershire,2020,18000,16000,1200.0,0.0677917845639215,13500.0,E10000013
Gloucestershire,2021,17500,15500,1700.0,0.09916612127996396,13000.0,E10000013
Gloucestershire,2022,18000,16000,1700.0,0.09653478483482124,13500.0,E10000013
Gloucestershire,2023,18500,16500,1200.0,0.06717519953072047,14000.0,E10000013
Hampshire,2016,29000,27000,1900.0,0.06753775297240583,21500.0,E10000014
Hampshire,2017,30000,27000,2200.0,0.07364669775198672,22000.0,E10000014
Hampshire,2018,31000,28000,2900.0,0.09485014110383408,22000.0,E10000014
Hampshire,2019,31000,28000,3500.0,0.10993871751659305,22000.0,E10000014
Hampshire,2020,31000,29000,2800.0,0.0891892880018582,23000.0,E10000014
Hampshire,2021,30000,27000,3400.0,0.11096290085399045,22500.0,E10000014
Hampshire,2022,31000,28000,3500.0,0.109657784666985,23500.0,E10000014
Hampshire,2023,34000,30000,2900.0,0.08696910998189494,26000.0,E10000014
Hertfordshire,2016,24500,22000,2000.0,0.08344355573726592,17000.0,E10000015
Hertfordshire,2017,26000,23500,2000.0,0.07753147969451733,17500.0,E10000015
Hertfordshire,2018,26000,24500,2100.0,0.07870139580627894,18000.0,E10000015
Hertfordshire,2019,27000,25000,2000.0,0.07481929809849013,19000.0,E10000015
Hertfordshire,2020,27000,25000,2500.0,0.09115141222164225,19000.0,E10000015
Hertfordshire,2021,27000,25000,3100.0,0.1111890092111932,19500.0,E10000015
Hertfordshire,2022,29000,26000,2600.0,0.09065801917424261,21000.0,E10000015
Hertfordshire,2023,30000,27000,1700.0,0.05836307041227051,23000.0,E10000015
Kent,2016,34000,32000,1600.0,0.04837980714986016,24500.0,E10000016
Kent,2017,35000,33000,2200.0,0.06297861498947485,26000.0,E10000016
Kent,2018,36000,34000,2800.0,0.07568909373153992,26000.0,E10000016
Kent,2019,37000,34000,2800.0,0.07474395198141749,27000.0,E10000016
Kent,2020,38000,34000,2300.0,0.06308218489541237,28000.0,E10000016
Kent,2021,35000,31000,3800.0,0.10787629021924972,26000.0,E10000016
Kent,2022,37000,33000,3800.0,0.1017977604610464,28000.0,E10000016
Kent,2023,39000,35000,3000.0,0.07930549961005509,30000.0,E10000016
Lancashire,2016,31000,28000,1800.0,0.06232272840210801,22500.0,E10000017
Lancashire,2017,31000,28000,2000.0,0.06521521685175614,22500.0,E10000017
Lancashire,2018,31000,29000,2500.0,0.07861609864123208,23000.0,E10000017
Lancashire,2019,31000,29000,2200.0,0.07055891296441015,23000.0,E10000017
Lancashire,2020,32000,30000,2500.0,0.07672487086999295,23500.0,E10000017
Lancashire,2021,32000,29000,2700.0,0.08334012978183727,23500.0,E10000017
Lancashire,2022,31000,29000,2400.0,0.07533579398937915,23500.0,E10000017
Lancashire,2023,33000,30000,2300.0,0.07175892251387263,25000.0,E10000017
Leicestershire,2016,13000,12000,950.0,0.07407312120668062,9100.0,E10000018
Leicestershire,2017,13500,12500,,,9300.0,E10000018
Leicestershire,2018,13500,13000,1100.0,0.0795859882181217,9500.0,E10000018
Leicestershire,2019,14000,13000,900.0,0.06204441957980908,9700.0,E10000018
Leicestershire,2020,15000,14500,700.0,0.04662539440250527,10500.0,E10000018
Leicestershire,2021,14500,13500,1200.0,0.08009860080650805,10000.0,E10000018
Leicestershire,2022,14000,13000,1200.0,0.08486221029336796,10500.0,E10000018
Leicestershire,2023,15000,13500,1100.0,0.07407678338444426,11000.0,E10000018
Lincolnshire,2016,18500,17000,1700.0,0.09160027882691996,13500.0,E10000019
Lincolnshire,2017,20000,18500,1800.0,0.08964222629377633,14500.0,E10000019
Lincolnshire,2018,19000,17500,1300.0,0.06725691632005387,14000.0,E10000019
Lincolnshire,2019,19000,17500,1000.0,0.05609743405369837,14000.0,E10000019
Lincolnshire,2020,20500,18000,1300.0,0.06602244758266763,15000.0,E10000019
Lincolnshire,2021,19500,17500,2100.0,0.10718976466052214,14500.0,E10000019
Lincolnshire,2022,20500,18000,2000.0,0.10086013315742419,15500.0,E10000019
Lincolnshire,2023,21500,19000,1800.0,0.0842523080020179,16500.0,E10000019
Norfolk,2016,21500,20500,1600.0,0.07218984927894892,15500.0,E10000020
Norfolk,2017,21500,20500,1500.0,0.06693497925212842,15500.0,E10000020
Norfolk,2018,21000,20000,1500.0,0.0697575785071219,15000.0,E10000020
Norfolk,2019,21000,19500,1200.0,0.05948624542007412,15000.0,E10000020
Norfolk,2020,21000,20000,1300.0,0.06337313224064435,15500.0,E10000020
Norfolk,2021,20000,18500,1800.0,0.08992936576648515,14500.0,E10000020
Norfolk,2022,20500,19000,2200.0,0.10092347869862325,15500.0,E10000020
Norfolk,2023,21000,19500,1800.0,0.08532566238649467,16000.0,E10000020
Nottinghamshire,2016,19000,18000,700.0,0.03827405836489945,14500.0,E10000024
Nottinghamshire,2017,19500,18000,1300.0,0.06723987599738461,14500.0,E10000024
Nottinghamshire,2018,20000,18500,1200.0,0.06252995019810073,14500.0,E10000024
Nottinghamshire,2019,20500,19000,1200.0,0.05858497885100476,15000.0,E10000024
Nottinghamshire,2020,21500,20000,1100.0,0.05215180239010992,16000.0,E10000024
Nottinghamshire,2021,21000,19500,2000.0,0.09451289380865378,16000.0,E10000024
Nottinghamshire,2022,21500,19500,2200.0,0.10103207525002682,16500.0,E10000024
Nottinghamshire,2023,23000,21000,1700.0,0.07527668123961882,17500.0,E10000024
Oxfordshire,2016,13500,12500,800.0,0.06089170783070273,10000.0,E10000025
Oxfordshire,2017,14000,13000,950.0,0.06898761438771729,10500.0,E10000025
Oxfordshire,2018,14000,13000,1000.0,0.07352142531612556,10500.0,E10000025
Oxfordshire,2019,15000,13500,1400.0,0.09351692841075569,11000.0,E10000025
Oxfordshire,2020,15000,13500,1000.0,0.06903399496875114,11000.0,E10000025
Oxfordshire,2021,14500,13000,1700.0,0.11664650269236644,10500.0,E10000025
Oxfordshire,2022,14500,13000,,,11000.0,E10000025
Oxfordshire,2023,15500,13500,1600.0,0.10140431815943096,12000.0,E10000025
Staffordshire,2016,17500,16500,1100.0,0.06130230853206548,13000.0,E10000028
Staffordshire,2017,18000,17000,1200.0,0.0643729029385259,13000.0,E10000028
Staffordshire,2018,17500,16500,1500.0,0.07996874968200672,13000.0,E10000028
Staffordshire,2019,17500,17000,1400.0,0.07891947336640162,13000.0,E10000028
Staffordshire,2020,18500,17500,1200.0,0.06620314156494264,13500.0,E10000028
Staffordshire,2021,17000,16500,1900.0,0.10218356779072302,13000.0,E10000028
Staffordshire,2022,18000,16000,1900.0,0.10369959973123652,13500.0,E10000028
Staffordshire,2023,19000,17500,1900.0,0.09696779173306552,14000.0,E10000028
Suffolk,2016,18500,17000,1000.0,0.05548729392718172,13000.0,E10000029
Suffolk,2017,19500,17500,1400.0,0.07218807780605352,14000.0,E10000029
Suffolk,2018,19000,17500,1400.0,0.07437991488538791,13500.0,E10000029
Suffolk,2019,19000,17000,1100.0,0.06039320389495143,13500.0,E10000029
Suffolk,2020,19500,17500,1300.0,0.06829556531109093,14000.0,E10000029
Suffolk,2021,18500,17000,2300.0,0.1197129214556323,13500.0,E10000029
Suffolk,2022,20000,18000,1800.0,0.08826535454621116,14500.0,E10000029
Suffolk,2023,20000,18500,1600.0,0.07838792315387981,15000.0,E10000029
Surrey,2016,29000,26000,2300.0,0.08413709849581599,21500.0,E10000030
Surrey,2017,29000,26000,2400.0,0.08445046472025787,22000.0,E10000030
Surrey,2018,30000,27000,2700.0,0.09163285253679941,22500.0,E10000030
Surrey,2019,30000,27000,2700.0,0.09105287601481193,23000.0,E10000030
Surrey,2020,31000,27000,2500.0,0.08322952148509194,23500.0,E10000030
Surrey,2021,30000,27000,3400.0,0.11469555996435463,23000.0,E10000030
Surrey,2022,30000,27000,3300.0,0.11197396384499755,23500.0,E10000030
Surrey,2023,31000,28000,3200.0,0.1022455335725594,24500.0,E10000030
Warwickshire,2016,14500,11500,750.0,0.06365275074086243,9800.0,E10000031
Warwickshire,2017,14500,13500,700.0,0.04849511578678727,10000.0,E10000031
Warwickshire,2018,15000,14000,900.0,0.05981152669610983,10000.0,E10000031
Warwickshire,2019,14000,13000,800.0,0.05926406661945217,9600.0,E10000031
Warwickshire,2020,14000,13000,550.0,0.04128632830406159,9700.0,E10000031
Warwickshire,2021,12500,11500,1100.0,0.0914816487710009,9200.0,E10000031
Warwickshire,2022,13500,12500,1000.0,0.07604431542566802,10000.0,E10000031
Warwickshire,2023,13500,12500,800.0,0.05919552730699678,10000.0,E10000031
West Sussex,2016,21000,19000,1400.0,0.06816112462255826,15000.0,E10000032
West Sussex,2017,21500,19500,1500.0,0.07271263799711115,15500.0,E10000032
West Sussex,2018,21500,19500,1700.0,0.08190451344505524,15500.0,E10000032
West Sussex,2019,22000,19500,1600.0,0.07880889139235434,16000.0,E10000032
West Sussex,2020,22000,19500,1400.0,0.06874941732779154,16000.0,E10000032
West Sussex,2021,21000,18500,3000.0,0.14050507640349502,15500.0,E10000032
West Sussex,2022,21000,18500,2200.0,0.10710306758974152,16000.0,E10000032
West Sussex,2023,22500,19500,1600.0,0.07605126012459534,17000.0,E10000032
Worcestershire,2016,12500,11500,700.0,0.05647347869366735,8800.0,E10000034
Worcestershire,2017,13000,12500,1000.0,0.0738325893889357,9100.0,E10000034
Worcestershire,2018,13500,12500,1100.0,0.08305314365367443,9400.0,E10000034
Worcestershire,2019,14000,13000,950.0,0.06998870553900763,9700.0,E10000034
Worcestershire,2020,13500,12500,950.0,0.0705817119137684,9500.0,E10000034
Worcestershire,2021,13500,12000,1600.0,0.11446177266159359,9400.0,E10000034
Worcestershire,2022,13500,12500,1200.0,0.08854368494527494,10000.0,E10000034
Worcestershire,2023,14000,13000,1200.0,0.08263214668079066,10500.0,E10000034
Northamptonshire (combined),2016,19500,18500,1700.0,0.08018867924528301,14000.0,NORTHANTS_COMBINED
Northamptonshire (combined),2017,19500,18000,1400.0,0.06698564593301436,14000.0,NORTHANTS_COMBINED
Northamptonshire (combined),2018,19500,18000,1600.0,0.07582938388625593,13500.0,NORTHANTS_COMBINED
Northamptonshire (combined),2019,21000,18500,1900.0,0.08296943231441048,14500.0,NORTHANTS_COMBINED
Northamptonshire (combined),2020,22500,19500,1700.0,0.07024793388429752,15500.0,NORTHANTS_COMBINED
Northamptonshire (combined),2021,20600,17900,2400.0,0.10434782608695652,6600.0,NORTHANTS_COMBINED
Northamptonshire (combined),2022,20200,18200,2500.0,0.11013215859030837,7000.0,NORTHANTS_COMBINED
Northamptonshire (combined),2023,20900,18900,1650.0,0.07317073170731707,16400.0,NORTHANTS_COMBINED
