la_code,year,qof_prevalence,period
E06000001,2012,16.8568616776247,2012/13
E06000001,2013,16.8328942416259,2013/14
E06000001,2014,16.761791269443,2014/15
E06000001,2015,16.8820611164381,2015/16
E06000001,2016,16.8900636889647,2016/17
E06000001,2017,16.9661673258796,2017/18
E06000001,2018,17.0764222601147,2018/19
E06000001,2019,17.1966228854282,2019/20
E06000001,2020,16.9285116668216,2020/21
E06000001,2021,17.0930675143248,2021/22
E06000001,2022,17.5854386395225,2022/23
E06000001,2023,17.9728486661882,2023/24
E06000001,2024,18.59032252,2024/25
E06000002,2012,13.3955686246814,2012/13
E06000002,2013,13.4178251773753,2013/14
E06000002,2014,13.3381523227102,2014/15
E06000002,2015,13.3275140106519,2015/16
E06000002,2016,13.3577914681803,2016/17
E06000002,2017,13.2956638466581,2017/18
E06000002,2018,13.3310620373525,2018/19
E06000002,2019,13.3733979272705,2019/20
E06000002,2020,13.1299192164669,2020/21
E06000002,2021,13.0085087326467,2021/22
E06000002,2022,13.4399971879174,2022/23
E06000002,2023,14.0054590858935,2023/24
E06000002,2024,14.77189935,2024/25
E06000003,2012,16.3998963998964,2012/13
E06000003,2013,16.5554496345726,2013/14
E06000003,2014,16.6857793922893,2014/15
E06000003,2015,16.6963392384203,2015/16
E06000003,2016,16.8117225851696,2016/17
E06000003,2017,16.8780387792162,2017/18
E06000003,2018,17.0021182585149,2018/19
E06000003,2019,17.2777301833917,2019/20
E06000003,2020,17.3232352599139,2020/21
E06000003,2021,17.5907528534757,2021/22
E06000003,2022,18.32946803361,2022/23
E06000003,2023,19.3245198016596,2023/24
E06000003,2024,20.19306512,2024/25
E06000004,2012,14.0879416380804,2012/13
E06000004,2013,14.2581662765849,2013/14
E06000004,2014,14.2610434466461,2014/15
E06000004,2015,14.6165219278105,2015/16
E06000004,2016,14.7303962400359,2016/17
E06000004,2017,14.8847701378376,2017/18
E06000004,2018,15.0780325205668,2018/19
E06000004,2019,15.3329453655938,2019/20
E06000004,2020,15.2657547197684,2020/21
E06000004,2021,15.4410758615297,2021/22
E06000004,2022,16.1417341902737,2022/23
E06000004,2023,16.6722301170232,2023/24
E06000004,2024,17.13693935,2024/25
E06000005,2012,14.7723211766697,2012/13
E06000005,2013,15.0353235562496,2013/14
E06000005,2014,15.1275393023539,2014/15
E06000005,2015,15.2480354549179,2015/16
E06000005,2016,15.5980923396675,2016/17
E06000005,2017,15.8229660210764,2017/18
E06000005,2018,15.9505986647294,2018/19
E06000005,2019,16.1725635340895,2019/20
E06000005,2020,16.0224461583236,2020/21
E06000005,2021,16.3177129277909,2021/22
E06000005,2022,17.013966157215,2022/23
E06000005,2023,17.6740795390669,2023/24
E06000005,2024,18.40399958,2024/25
E06000006,2012,14.8445031876847,2012/13
E06000006,2013,14.9852333594301,2013/14
E06000006,2014,15.2444629514688,2014/15
E06000006,2015,15.2273967129477,2015/16
E06000006,2016,15.4385157927016,2016/17
E06000006,2017,15.6151395515449,2017/18
E06000006,2018,15.7995986541334,2018/19
E06000006,2019,16.0561839018431,2019/20
E06000006,2020,15.8923512747875,2020/21
E06000006,2021,15.9528211195741,2021/22
E06000006,2022,16.5841913231015,2022/23
E06000006,2023,17.189245604751,2023/24
E06000006,2024,17.69262277,2024/25
E06000007,2012,13.5155322327345,2012/13
E06000007,2013,13.5785288270378,2013/14
E06000007,2014,13.6611021107746,2014/15
E06000007,2015,13.9409535069722,2015/16
E06000007,2016,13.9948996671984,2016/17
E06000007,2017,13.9701700636592,2017/18
E06000007,2018,14.0998710488784,2018/19
E06000007,2019,14.3420826122804,2019/20
E06000007,2020,14.2340015856835,2020/21
E06000007,2021,14.4287636511562,2021/22
E06000007,2022,15.418700713481,2022/23
E06000007,2023,15.8302236770322,2023/24
E06000007,2024,16.407317,2024/25
E06000008,2012,12.2124071353125,2012/13
E06000008,2013,12.3445269959013,2013/14
E06000008,2014,12.9312168068807,2014/15
E06000008,2015,12.6473528796298,2015/16
E06000008,2016,12.9392337036888,2016/17
E06000008,2017,12.707200618221,2017/18
E06000008,2018,12.8745198811315,2018/19
E06000008,2019,14.0940988031833,2019/20
E06000008,2020,13.837774015327,2020/21
E06000008,2021,13.8841097582495,2021/22
E06000008,2022,14.2695554766263,2022/23
E06000008,2023,14.6155418562868,2023/24
E06000008,2024,14.97806037,2024/25
E06000009,2012,16.6012663356137,2012/13
E06000009,2013,17.4788910697901,2013/14
E06000009,2014,17.6847938714447,2014/15
E06000009,2015,17.6519925911257,2015/16
E06000009,2016,17.7244801649112,2016/17
E06000009,2017,17.3225644977137,2017/18
E06000009,2018,17.7956760852842,2018/19
E06000009,2019,18.2127752118996,2019/20
E06000009,2020,17.9333600045722,2020/21
E06000009,2021,17.8576694074284,2021/22
E06000009,2022,18.3621695672028,2022/23
E06000009,2023,18.8824770657607,2023/24
E06000009,2024,19.43574369,2024/25
E06000010,2012,13.815891426151,2012/13
E06000010,2013,14.0512966242372,2013/14
E06000010,2014,14.2534427482756,2014/15
E06000010,2015,14.1906596377399,2015/16
E06000010,2016,13.806978326368,2016/17
E06000010,2017,14.3761616323693,2017/18
E06000010,2018,14.4042187199054,2018/19
E06000010,2019,14.4331665852725,2019/20
E06000010,2020,14.2211616739231,2020/21
E06000010,2021,14.1925989594525,2021/22
E06000010,2022,14.5248253400765,2022/23
E06000010,2023,14.8479768951599,2023/24
E06000010,2024,15.46043019,2024/25
E06000011,2012,16.2315615101068,2012/13
E06000011,2013,16.5541320497535,2013/14
E06000011,2014,16.8033368776089,2014/15
E06000011,2015,17.1106153219877,2015/16
E06000011,2016,17.1978047604981,2016/17
E06000011,2017,17.5981264637002,2017/18
E06000011,2018,17.8584263814705,2018/19
E06000011,2019,18.0876290090318,2019/20
E06000011,2020,17.9895320197044,2020/21
E06000011,2021,18.2010280190392,2021/22
E06000011,2022,19.2585895117541,2022/23
E06000011,2023,19.9281608332382,2023/24
E06000011,2024,20.63088937,2024/25
E06000012,2012,15.9818546109621,2012/13
E06000012,2013,16.0400078493402,2013/14
E06000012,2014,15.991871652685,2014/15
E06000012,2015,15.9547619611839,2015/16
E06000012,2016,15.7501222835581,2016/17
E06000012,2017,16.0810037576022,2017/18
E06000012,2018,16.1482648729377,2018/19
E06000012,2019,16.1900233625659,2019/20
E06000012,2020,15.9614030971375,2020/21
E06000012,2021,15.9601229851859,2021/22
E06000012,2022,16.3197301776794,2022/23
E06000012,2023,16.7163097729834,2023/24
E06000012,2024,17.1589335,2024/25
E06000013,2012,16.6986564299424,2012/13
E06000013,2013,16.9130422234408,2013/14
E06000013,2014,16.9584610774302,2014/15
E06000013,2015,16.9493169601589,2015/16
E06000013,2016,16.9103634466174,2016/17
E06000013,2017,16.8757370485149,2017/18
E06000013,2018,16.9834420690068,2018/19
E06000013,2019,17.0564786206599,2019/20
E06000013,2020,16.8747682037335,2020/21
E06000013,2021,16.909029782647,2021/22
E06000013,2022,17.3182092227907,2022/23
E06000013,2023,17.822979834153,2023/24
E06000013,2024,18.30987402,2024/25
E06000014,2012,13.0007983916736,2012/13
E06000014,2013,12.2045158683844,2013/14
E06000014,2014,12.1256974203755,2014/15
E06000014,2015,12.1766123177917,2015/16
E06000014,2016,11.6555082166768,2016/17
E06000014,2017,12.170545007847,2017/18
E06000014,2018,12.1460094829299,2018/19
E06000014,2019,12.1999423028069,2019/20
E06000014,2020,12.1328114548585,2020/21
E06000014,2021,12.3666572264703,2021/22
E06000014,2022,13.0960459742469,2022/23
E06000014,2023,13.7296583764416,2023/24
E06000014,2024,14.39858394,2024/25
E06000015,2012,13.5712169067426,2012/13
E06000015,2013,13.4567533311551,2013/14
E06000015,2014,13.3662254512269,2014/15
E06000015,2015,13.4051235796861,2015/16
E06000015,2016,13.184704230186,2016/17
E06000015,2017,13.0593304607226,2017/18
E06000015,2018,13.0778163299569,2018/19
E06000015,2019,13.0597605536565,2019/20
E06000015,2020,12.8129350969262,2020/21
E06000015,2021,12.8429732470988,2021/22
E06000015,2022,13.3488626754745,2022/23
E06000015,2023,13.6607468196004,2023/24
E06000015,2024,14.18079804,2024/25
E06000016,2012,11.5497757942608,2012/13
E06000016,2013,11.7560810953355,2013/14
E06000016,2014,11.8468659725605,2014/15
E06000016,2015,11.7893314298343,2015/16
E06000016,2016,12.0552041118909,2016/17
E06000016,2017,12.1481061087899,2017/18
E06000016,2018,12.1489247815119,2018/19
E06000016,2019,12.1329355941171,2019/20
E06000016,2020,12.165342294667,2020/21
E06000016,2021,12.2220765661796,2021/22
E06000016,2022,12.3402196868695,2022/23
E06000016,2023,12.5829258417168,2023/24
E06000016,2024,13.0193432,2024/25
E06000017,2012,16.4474240162249,2012/13
E06000017,2013,16.5307034698553,2013/14
E06000017,2014,16.5421054093852,2014/15
E06000017,2015,16.4611070271448,2015/16
E06000017,2016,16.7577315425403,2016/17
E06000017,2017,16.6675457566327,2017/18
E06000017,2018,16.8297354661697,2018/19
E06000017,2019,17.0479817991257,2019/20
E06000017,2020,17.3152330371767,2020/21
E06000017,2021,17.9898608254818,2021/22
E06000017,2022,18.4870368178051,2022/23
E06000017,2023,19.0124671916011,2023/24
E06000017,2024,19.91145287,2024/25
E06000018,2012,10.3876189123953,2012/13
E06000018,2013,10.4658664180093,2013/14
E06000018,2014,10.4519554806669,2014/15
E06000018,2015,10.4696675866181,2015/16
E06000018,2016,10.4887388849224,2016/17
E06000018,2017,10.407311407198,2017/18
E06000018,2018,10.3317527914409,2018/19
E06000018,2019,10.3640040444894,2019/20
E06000018,2020,10.3662723856701,2020/21
E06000018,2021,10.4176478824832,2021/22
E06000018,2022,10.6192766025513,2022/23
E06000018,2023,11.0151123185873,2023/24
E06000018,2024,11.36793074,2024/25
E06000019,2012,15.879882379354,2012/13
E06000019,2013,15.9739290730337,2013/14
E06000019,2014,16.0285748615496,2014/15
E06000019,2015,16.0473375343771,2015/16
E06000019,2016,16.1432059459401,2016/17
E06000019,2017,16.3565953582779,2017/18
E06000019,2018,16.5230259830825,2018/19
E06000019,2019,16.6573152657209,2019/20
E06000019,2020,16.4270939426075,2020/21
E06000019,2021,16.5521393427308,2021/22
E06000019,2022,17.3762488646685,2022/23
E06000019,2023,18.345318194201,2023/24
E06000019,2024,19.17636866,2024/25
E06000020,2012,13.790859459584,2012/13
E06000020,2013,13.690839498708,2013/14
E06000020,2014,13.6972640403858,2014/15
E06000020,2015,13.7027465260292,2015/16
E06000020,2016,13.7129275601943,2016/17
E06000020,2017,13.7677932362899,2017/18
E06000020,2018,13.8483412322275,2018/19
E06000020,2019,14.0950031612442,2019/20
E06000020,2020,13.9771276841139,2020/21
E06000020,2021,14.1469558427164,2021/22
E06000020,2022,14.5056537120006,2022/23
E06000020,2023,15.4324856081032,2023/24
E06000020,2024,16.07652564,2024/25
E06000021,2012,16.4580105136634,2012/13
E06000021,2013,16.5810420887705,2013/14
E06000021,2014,16.4287986503537,2014/15
E06000021,2015,16.3237039267433,2015/16
E06000021,2016,16.1533473820716,2016/17
E06000021,2017,16.4011504925197,2017/18
E06000021,2018,16.4388711273896,2018/19
E06000021,2019,16.4667909322661,2019/20
E06000021,2020,16.2050402880165,2020/21
E06000021,2021,16.329494548653,2021/22
E06000021,2022,16.7097457271062,2022/23
E06000021,2023,16.8451020764743,2023/24
E06000021,2024,17.18341136,2024/25
E06000022,2012,12.8093254108366,2012/13
E06000022,2013,12.8070016962251,2013/14
E06000022,2014,12.660301621948,2014/15
E06000022,2015,12.6409329651953,2015/16
E06000022,2016,12.6241667357498,2016/17
E06000022,2017,12.589360453369,2017/18
E06000022,2018,12.6783071005281,2018/19
E06000022,2019,12.8572960923035,2019/20
E06000022,2020,12.7541477849014,2020/21
E06000022,2021,12.7289204568979,2021/22
E06000022,2022,13.1011435196763,2022/23
E06000022,2023,13.5913790303665,2023/24
E06000022,2024,13.98508246,2024/25
E06000023,2012,10.9066386436414,2012/13
E06000023,2013,10.7888718503268,2013/14
E06000023,2014,10.8729158194388,2014/15
E06000023,2015,10.8071767805784,2015/16
E06000023,2016,10.7950541608688,2016/17
E06000023,2017,10.5955697400806,2017/18
E06000023,2018,10.4440187659905,2018/19
E06000023,2019,10.3566180938387,2019/20
E06000023,2020,10.2649164941136,2020/21
E06000023,2021,10.1152308846845,2021/22
E06000023,2022,10.5190212792489,2022/23
E06000023,2023,10.8654884355288,2023/24
E06000023,2024,11.24668526,2024/25
E06000024,2012,15.4771417558967,2012/13
E06000024,2013,15.5160881421575,2013/14
E06000024,2014,15.6664866777143,2014/15
E06000024,2015,15.9282505407554,2015/16
E06000024,2016,16.2404329914164,2016/17
E06000024,2017,16.0971602590577,2017/18
E06000024,2018,16.1145459290658,2018/19
E06000024,2019,16.1811097507574,2019/20
E06000024,2020,16.068539851601,2020/21
E06000024,2021,16.2456994209952,2021/22
E06000024,2022,16.9533824596369,2022/23
E06000024,2023,17.2633872976339,2023/24
E06000024,2024,17.62638644,2024/25
E06000025,2012,13.9472027985528,2012/13
E06000025,2013,13.9956965821964,2013/14
E06000025,2014,13.9251999164245,2014/15
E06000025,2015,13.9229237083535,2015/16
E06000025,2016,13.9711354703108,2016/17
E06000025,2017,14.0282668503234,2017/18
E06000025,2018,14.0241398527557,2018/19
E06000025,2019,14.2206853006175,2019/20
E06000025,2020,14.1474493106541,2020/21
E06000025,2021,14.26149973246,2021/22
E06000025,2022,15.0831366564336,2022/23
E06000025,2023,15.5668260568512,2023/24
E06000025,2024,15.91308338,2024/25
E06000026,2012,14.0519480519481,2012/13
E06000026,2013,13.9804761256592,2013/14
E06000026,2014,14.3020402314292,2014/15
E06000026,2015,14.072706167889,2015/16
E06000026,2016,13.9497339553826,2016/17
E06000026,2017,13.857792275393,2017/18
E06000026,2018,14.186595106351,2018/19
E06000026,2019,13.8685487128827,2019/20
E06000026,2020,13.9386726881895,2020/21
E06000026,2021,13.9079356985669,2021/22
E06000026,2022,14.4483635904692,2022/23
E06000026,2023,15.167529963574,2023/24
E06000026,2024,15.83871423,2024/25
E06000027,2012,16.7003399507658,2012/13
E06000027,2013,16.6205631025416,2013/14
E06000027,2014,16.7907606083684,2014/15
E06000027,2015,16.8938773544005,2015/16
E06000027,2016,17.3579329735054,2016/17
E06000027,2017,17.6004192358474,2017/18
E06000027,2018,17.6244382117393,2018/19
E06000027,2019,17.8162547028601,2019/20
E06000027,2020,17.8395763664134,2020/21
E06000027,2021,17.995235723995,2021/22
E06000027,2022,18.5704877491499,2022/23
E06000027,2023,19.2143317922804,2023/24
E06000027,2024,19.87399732,2024/25
E06000030,2012,13.6768277479707,2012/13
E06000030,2013,13.566757493188,2013/14
E06000030,2014,13.7137263002847,2014/15
E06000030,2015,13.8466693472725,2015/16
E06000030,2016,14.0162558529905,2016/17
E06000030,2017,14.1244189582519,2017/18
E06000030,2018,14.3164463490736,2018/19
E06000030,2019,14.3550878019837,2019/20
E06000030,2020,14.291624701718,2020/21
E06000030,2021,14.4187993499352,2021/22
E06000030,2022,15.1152650490533,2022/23
E06000030,2023,15.4850155230311,2023/24
E06000030,2024,15.87290415,2024/25
E06000031,2012,12.2025189615014,2012/13
E06000031,2013,12.1022035819305,2013/14
E06000031,2014,11.948205727585,2014/15
E06000031,2015,11.7748392096469,2015/16
E06000031,2016,11.745805756503,2016/17
E06000031,2017,11.7976312546448,2017/18
E06000031,2018,12.0912036460095,2018/19
E06000031,2019,12.0800280492615,2019/20
E06000031,2020,12.0100365319362,2020/21
E06000031,2021,12.1631883414959,2021/22
E06000031,2022,12.5711374900314,2022/23
E06000031,2023,12.9648504496539,2023/24
E06000031,2024,13.4356603,2024/25
E06000032,2012,11.8612529223723,2012/13
E06000032,2013,12.0689729053379,2013/14
E06000032,2014,12.1757329237624,2014/15
E06000032,2015,11.9976180925718,2015/16
E06000032,2016,12.056575048701,2016/17
E06000032,2017,12.1555390972484,2017/18
E06000032,2018,12.2207527040688,2018/19
E06000032,2019,12.2192715638839,2019/20
E06000032,2020,12.0135997130336,2020/21
E06000032,2021,12.1752081061674,2021/22
E06000032,2022,12.3112177359848,2022/23
E06000032,2023,12.2573172207527,2023/24
E06000032,2024,12.5278004,2024/25
E06000033,2012,15.1980340043629,2012/13
E06000033,2013,15.2691026300821,2013/14
E06000033,2014,15.3042791623399,2014/15
E06000033,2015,15.2195815800391,2015/16
E06000033,2016,15.1274811501327,2016/17
E06000033,2017,15.2470038000585,2017/18
E06000033,2018,15.3278004793732,2018/19
E06000033,2019,15.2861647968075,2019/20
E06000033,2020,14.9215349430351,2020/21
E06000033,2021,14.9335824538016,2021/22
E06000033,2022,15.0853889943074,2022/23
E06000033,2023,15.1488832471657,2023/24
E06000033,2024,15.74238711,2024/25
E06000034,2012,14.2351140942871,2012/13
E06000034,2013,14.1285884663109,2013/14
E06000034,2014,14.0749572892938,2014/15
E06000034,2015,13.9542613238793,2015/16
E06000034,2016,13.8692132557551,2016/17
E06000034,2017,13.8187078109932,2017/18
E06000034,2018,14.1823017547917,2018/19
E06000034,2019,14.1191994721795,2019/20
E06000034,2020,13.9182144734537,2020/21
E06000034,2021,14.0185649801399,2021/22
E06000034,2022,14.2607845874634,2022/23
E06000034,2023,14.6757841377125,2023/24
E06000034,2024,15.04423386,2024/25
E06000035,2012,14.3474654896117,2012/13
E06000035,2013,13.9344882366291,2013/14
E06000035,2014,14.1385449792625,2014/15
E06000035,2015,14.0539716936412,2015/16
E06000035,2016,14.0957284438023,2016/17
E06000035,2017,14.2773626065257,2017/18
E06000035,2018,14.697886372639,2018/19
E06000035,2019,14.4736022758184,2019/20
E06000035,2020,14.4605920347271,2020/21
E06000035,2021,14.6303842050465,2021/22
E06000035,2022,14.8910737787412,2022/23
E06000035,2023,15.0799225251687,2023/24
E06000035,2024,15.44870578,2024/25
E06000036,2012,10.9753902332399,2012/13
E06000036,2013,11.0654833618978,2013/14
E06000036,2014,11.1313210899977,2014/15
E06000036,2015,11.0916836998547,2015/16
E06000036,2016,11.7008901685463,2016/17
E06000036,2017,12.8630705394191,2017/18
E06000036,2018,12.8717576929273,2018/19
E06000036,2019,13.3297436831395,2019/20
E06000036,2020,13.2150980560745,2020/21
E06000036,2021,13.4291358407251,2021/22
E06000036,2022,13.6727539914584,2022/23
E06000036,2023,14.3852925866972,2023/24
E06000036,2024,14.61562537,2024/25
E06000037,2012,12.6745020513723,2012/13
E06000037,2013,12.908838090376,2013/14
E06000037,2014,12.9938683017862,2014/15
E06000037,2015,12.9950511382382,2015/16
E06000037,2016,13.1957035417635,2016/17
E06000037,2017,13.3935265165097,2017/18
E06000037,2018,13.5927061942762,2018/19
E06000037,2019,14.2808208111165,2019/20
E06000037,2020,14.1475094549069,2020/21
E06000037,2021,14.3783241473783,2021/22
E06000037,2022,14.8967231926559,2022/23
E06000037,2023,15.3376407231859,2023/24
E06000037,2024,15.96882592,2024/25
E06000038,2012,11.2688586920894,2012/13
E06000038,2013,11.2260443858166,2013/14
E06000038,2014,11.174238088916,2014/15
E06000038,2015,11.2827906386297,2015/16
E06000038,2016,11.2187205066462,2016/17
E06000038,2017,11.1849232555922,2017/18
E06000038,2018,11.1657593715546,2018/19
E06000038,2019,11.7932374265145,2019/20
E06000038,2020,11.7060820139423,2020/21
E06000038,2021,11.5818481080003,2021/22
E06000038,2022,11.7143694203241,2022/23
E06000038,2023,11.9854843316878,2023/24
E06000038,2024,12.28613083,2024/25
E06000039,2012,10.6834372976105,2012/13
E06000039,2013,10.9251137323272,2013/14
E06000039,2014,10.9093083198257,2014/15
E06000039,2015,10.924599557234,2015/16
E06000039,2016,12.0072605878284,2016/17
E06000039,2017,12.274122697549,2017/18
E06000039,2018,12.1695352261549,2018/19
E06000039,2019,12.4540614187627,2019/20
E06000039,2020,12.2199423576435,2020/21
E06000039,2021,12.2334776570542,2021/22
E06000039,2022,12.4734418764547,2022/23
E06000039,2023,12.413661306615,2023/24
E06000039,2024,12.65477696,2024/25
E06000040,2012,11.0963284835465,2012/13
E06000040,2013,11.2414163220998,2013/14
E06000040,2014,11.2617109045208,2014/15
E06000040,2015,11.4076256787424,2015/16
E06000040,2016,11.6158525822812,2016/17
E06000040,2017,12.8947706389885,2017/18
E06000040,2018,12.7890348398704,2018/19
E06000040,2019,13.1994056123907,2019/20
E06000040,2020,13.187733093168,2020/21
E06000040,2021,13.334871780079,2021/22
E06000040,2022,13.560385288767,2022/23
E06000040,2023,13.7694039578149,2023/24
E06000040,2024,14.00326338,2024/25
E06000041,2012,11.9371472371263,2012/13
E06000041,2013,12.0404488156254,2013/14
E06000041,2014,12.0597571594096,2014/15
E06000041,2015,12.1395849263437,2015/16
E06000041,2016,12.3232958460725,2016/17
E06000041,2017,12.4415507546611,2017/18
E06000041,2018,12.4785298257849,2018/19
E06000041,2019,12.9403009756904,2019/20
E06000041,2020,12.9206167472934,2020/21
E06000041,2021,12.7025824500667,2021/22
E06000041,2022,13.085192394071,2022/23
E06000041,2023,13.471968393099,2023/24
E06000041,2024,13.87954952,2024/25
E06000042,2012,11.9184504590455,2012/13
E06000042,2013,12.0560016212099,2013/14
E06000042,2014,12.1313460770956,2014/15
E06000042,2015,12.2195944008286,2015/16
E06000042,2016,12.2961857379768,2016/17
E06000042,2017,12.4659739307962,2017/18
E06000042,2018,12.7040115555498,2018/19
E06000042,2019,12.8637278947921,2019/20
E06000042,2020,12.7247781133056,2020/21
E06000042,2021,12.7494687593771,2021/22
E06000042,2022,13.0019103390405,2022/23
E06000042,2023,13.3724001416389,2023/24
E06000042,2024,13.77033348,2024/25
E06000043,2012,10.0235272193622,2012/13
E06000043,2013,9.96447847949439,2013/14
E06000043,2014,9.81211402825166,2014/15
E06000043,2015,9.75339714581818,2015/16
E06000043,2016,9.54001043779274,2016/17
E06000043,2017,9.84861186449036,2017/18
E06000043,2018,9.58054734877935,2018/19
E06000043,2019,9.68154389579807,2019/20
E06000043,2020,9.61116453386592,2020/21
E06000043,2021,9.5599945397461,2021/22
E06000043,2022,9.83508055750139,2022/23
E06000043,2023,10.1756196797259,2023/24
E06000043,2024,10.54989475,2024/25
E06000044,2012,12.140429392767,2012/13
E06000044,2013,12.1755915200586,2013/14
E06000044,2014,12.1686407219402,2014/15
E06000044,2015,12.1025305249179,2015/16
E06000044,2016,11.3816658847026,2016/17
E06000044,2017,11.9815213048221,2017/18
E06000044,2018,12.1285949073352,2018/19
E06000044,2019,12.3047969888684,2019/20
E06000044,2020,12.3435463283283,2020/21
E06000044,2021,11.9885888927849,2021/22
E06000044,2022,12.2378475566686,2022/23
E06000044,2023,12.5918135400587,2023/24
E06000044,2024,13.26741828,2024/25
E06000045,2012,10.8078211182399,2012/13
E06000045,2013,10.8043212747534,2013/14
E06000045,2014,10.8391674372087,2014/15
E06000045,2015,10.6829262891373,2015/16
E06000045,2016,10.5371095160382,2016/17
E06000045,2017,10.4969390149387,2017/18
E06000045,2018,10.5911018289982,2018/19
E06000045,2019,10.82958967659,2019/20
E06000045,2020,10.8298285629678,2020/21
E06000045,2021,10.7893637755812,2021/22
E06000045,2022,11.3565065809968,2022/23
E06000045,2023,11.5419851008944,2023/24
E06000045,2024,11.91796471,2024/25
E06000046,2012,16.8432061165796,2012/13
E06000046,2013,17.1227941280359,2013/14
E06000046,2014,17.3127070265699,2014/15
E06000046,2015,17.149078586232,2015/16
E06000046,2016,17.6937649746476,2016/17
E06000046,2017,17.8328164802304,2017/18
E06000046,2018,17.7670197925443,2018/19
E06000046,2019,18.1435559879393,2019/20
E06000046,2020,18.0035564954102,2020/21
E06000046,2021,18.4296379733099,2021/22
E06000046,2022,19.4068157175993,2022/23
E06000046,2023,20.2635417879475,2023/24
E06000046,2024,20.98038812,2024/25
E06000047,2012,16.0317371834179,2012/13
E06000047,2013,16.2241565509589,2013/14
E06000047,2014,16.3315029301832,2014/15
E06000047,2015,16.4424791777749,2015/16
E06000047,2016,16.5108020827432,2016/17
E06000047,2017,16.5518991931828,2017/18
E06000047,2018,16.8329786026193,2018/19
E06000047,2019,16.9571789497089,2019/20
E06000047,2020,16.9504300312945,2020/21
E06000047,2021,17.1634683977743,2021/22
E06000047,2022,17.8486861359182,2022/23
E06000047,2023,18.6475713690573,2023/24
E06000047,2024,19.34399407,2024/25
E06000049,2012,15.0547223982414,2012/13
E06000049,2013,15.1775543174334,2013/14
E06000049,2014,15.2525665871404,2014/15
E06000049,2015,15.3226999372606,2015/16
E06000049,2016,15.5154983116647,2016/17
E06000049,2017,15.6900720325713,2017/18
E06000049,2018,15.7759698849635,2018/19
E06000049,2019,15.8492969477243,2019/20
E06000049,2020,15.6252120389667,2020/21
E06000049,2021,15.6630668105656,2021/22
E06000049,2022,16.2577853290842,2022/23
E06000049,2023,16.7512137469149,2023/24
E06000049,2024,17.32104425,2024/25
E06000050,2012,14.5231900629013,2012/13
E06000050,2013,14.5752015827456,2013/14
E06000050,2014,14.6080880083069,2014/15
E06000050,2015,14.8024006151994,2015/16
E06000050,2016,14.9871394197527,2016/17
E06000050,2017,15.0745761969425,2017/18
E06000050,2018,15.0853787243255,2018/19
E06000050,2019,15.2093705189553,2019/20
E06000050,2020,15.059428926,2020/21
E06000050,2021,15.2606609949378,2021/22
E06000050,2022,15.917530548384,2022/23
E06000050,2023,16.3981232789994,2023/24
E06000050,2024,16.96761635,2024/25
E06000051,2012,15.5542883888341,2012/13
E06000051,2013,15.721916004898,2013/14
E06000051,2014,15.8353114565943,2014/15
E06000051,2015,16.0138066231678,2015/16
E06000051,2016,16.1946637873841,2016/17
E06000051,2017,16.5492357063078,2017/18
E06000051,2018,16.4867324880219,2018/19
E06000051,2019,16.7165909446969,2019/20
E06000051,2020,16.6261260140347,2020/21
E06000051,2021,16.8948546689115,2021/22
E06000051,2022,17.6394217667286,2022/23
E06000051,2023,18.1729893778452,2023/24
E06000051,2024,18.75676442,2024/25
E06000052,2012,14.9476258552945,2012/13
E06000052,2013,14.761170146852,2013/14
E06000052,2014,15.5820369933383,2014/15
E06000052,2015,15.4734427588375,2015/16
E06000052,2016,15.588247238108,2016/17
E06000052,2017,15.6843722632713,2017/18
E06000052,2018,15.3438826134831,2018/19
E06000052,2019,15.9336399902583,2019/20
E06000052,2020,15.9182172139137,2020/21
E06000052,2021,16.1441532258065,2021/22
E06000052,2022,16.8677479454254,2022/23
E06000052,2023,17.3726508551494,2023/24
E06000052,2024,18.07098356,2024/25
E06000053,2012,11.9250425894378,2012/13
E06000053,2013,12.9240017174753,2013/14
E06000053,2014,13.2379248658318,2014/15
E06000053,2015,12.4622682190599,2015/16
E06000053,2016,12.5378296584522,2016/17
E06000053,2017,12.585910652921,2017/18
E06000053,2019,11.9186046511628,2019/20
E06000053,2020,12.2988031366075,2020/21
E06000053,2021,12.1475953565506,2021/22
E06000053,2022,13.0798161303803,2022/23
E06000053,2023,13.1666666666667,2023/24
E06000054,2012,14.5862408932024,2012/13
E06000054,2013,14.7842876277997,2013/14
E06000054,2014,14.8607830716242,2014/15
E06000054,2015,15.1029302379181,2015/16
E06000054,2016,15.1834569947068,2016/17
E06000054,2017,15.3515968901252,2017/18
E06000054,2018,15.4659816711899,2018/19
E06000054,2019,15.5418846685697,2019/20
E06000054,2020,15.3938002388062,2020/21
E06000054,2021,15.5110275937098,2021/22
E06000054,2022,16.0210433127157,2022/23
E06000054,2023,16.4519577994718,2023/24
E06000054,2024,16.9170954,2024/25
E06000055,2012,13.1900970135288,2012/13
E06000055,2013,13.4456726400133,2013/14
E06000055,2014,13.5413997903808,2014/15
E06000055,2015,13.7036257403098,2015/16
E06000055,2016,13.5267493980771,2016/17
E06000055,2017,13.9729325622815,2017/18
E06000055,2018,14.195226967848,2018/19
E06000055,2019,14.3255580797577,2019/20
E06000055,2020,14.0629262049141,2020/21
E06000055,2021,14.1667438724355,2021/22
E06000055,2022,14.5710500500602,2022/23
E06000055,2023,14.7907726382819,2023/24
E06000055,2024,15.22797438,2024/25
E06000056,2012,13.8591051464729,2012/13
E06000056,2013,13.9074085612811,2013/14
E06000056,2014,13.981684855315,2014/15
E06000056,2015,14.0290840443895,2015/16
E06000056,2016,13.7625559549034,2016/17
E06000056,2017,14.1926988075207,2017/18
E06000056,2018,14.2732735662587,2018/19
E06000056,2019,14.2140320500362,2019/20
E06000056,2020,13.9075475244148,2020/21
E06000056,2021,13.8297618438773,2021/22
E06000056,2022,14.260444097337,2022/23
E06000056,2023,14.7635888159455,2023/24
E06000056,2024,15.17109316,2024/25
E06000057,2012,17.0978239585244,2012/13
E06000057,2013,17.2554026281373,2013/14
E06000057,2014,17.2101932976088,2014/15
E06000057,2015,17.3123017435713,2015/16
E06000057,2016,17.4004990121785,2016/17
E06000057,2017,17.5474152645321,2017/18
E06000057,2018,17.7263349923173,2018/19
E06000057,2019,17.8828831568512,2019/20
E06000057,2020,17.7664422719736,2020/21
E06000057,2021,17.9133508034968,2021/22
E06000057,2022,18.5735211804356,2022/23
E06000057,2023,19.2761765305008,2023/24
E06000057,2024,20.03550715,2024/25
E06000058,2012,14.0186322700762,2012/13
E06000058,2013,14.029392971246,2013/14
E06000058,2014,13.9779024620667,2014/15
E06000058,2015,13.9812615917381,2015/16
E06000058,2016,13.9921303140663,2016/17
E06000058,2017,14.0143792252388,2017/18
E06000058,2018,14.1850876823342,2018/19
E06000058,2019,14.2273850651369,2019/20
E06000058,2020,14.1222022812211,2020/21
E06000058,2021,14.1271781596798,2021/22
E06000058,2022,14.6617158862992,2022/23
E06000058,2023,14.9407624583151,2023/24
E06000058,2024,15.50332893,2024/25
E06000059,2012,16.8688123022488,2012/13
E06000059,2013,16.9976097508603,2013/14
E06000059,2014,17.0789478120627,2014/15
E06000059,2015,17.2077023115325,2015/16
E06000059,2016,17.3771637909337,2016/17
E06000059,2017,17.5692309406051,2017/18
E06000059,2018,18.015585946514,2018/19
E06000059,2019,18.3648879812303,2019/20
E06000059,2020,18.1273775721631,2020/21
E06000059,2021,18.1905254278795,2021/22
E06000059,2022,18.7386054877867,2022/23
E06000059,2023,19.1290296517735,2023/24
E06000059,2024,19.7367431,2024/25
E06000060,2012,13.1075589373052,2012/13
E06000060,2013,13.1934371212827,2013/14
E06000060,2014,13.3601450494125,2014/15
E06000060,2015,13.3542563847599,2015/16
E06000060,2016,13.453954496208,2016/17
E06000060,2018,13.9433909831263,2018/19
E06000060,2019,14.2158349565458,2019/20
E06000060,2020,14.0920237052953,2020/21
E06000060,2021,14.0650428977675,2021/22
E06000060,2022,14.5622007766964,2022/23
E06000060,2023,14.8236868631254,2023/24
E06000060,2024,15.11209958,2024/25
E06000061,2012,13.9534054863198,2012/13
E06000061,2013,14.169712090332,2013/14
E06000061,2014,14.3282244071718,2014/15
E06000061,2015,14.4925068603163,2015/16
E06000061,2016,14.6914101728483,2016/17
E06000061,2017,14.7518950008978,2017/18
E06000061,2018,14.8637839869018,2018/19
E06000061,2019,15.0844621513944,2019/20
E06000061,2020,14.9743394490319,2020/21
E06000061,2021,15.1833020442219,2021/22
E06000061,2022,15.6192037157875,2022/23
E06000061,2023,16.0651530506774,2023/24
E06000061,2024,16.5841115,2024/25
E06000062,2012,13.7707287546571,2012/13
E06000062,2013,13.7615267543893,2013/14
E06000062,2014,13.6366147942013,2014/15
E06000062,2015,13.8218453108369,2015/16
E06000062,2016,13.7610070752903,2016/17
E06000062,2017,13.9001242307803,2017/18
E06000062,2018,13.9200200458122,2018/19
E06000062,2019,14.0722599304924,2019/20
E06000062,2020,13.9635777090759,2020/21
E06000062,2021,14.0177530054345,2021/22
E06000062,2022,14.4829208724975,2022/23
E06000062,2023,14.8334704399583,2023/24
E06000062,2024,15.25192326,2024/25
E08000001,2012,14.0656970356707,2012/13
E08000001,2013,14.1529832301541,2013/14
E08000001,2014,14.0593016355623,2014/15
E08000001,2015,13.9913618892895,2015/16
E08000001,2016,13.9029780686886,2016/17
E08000001,2017,13.9023577627616,2017/18
E08000001,2018,13.8413989062655,2018/19
E08000001,2019,13.8217217002011,2019/20
E08000001,2020,13.5946175164025,2020/21
E08000001,2021,13.5761961550709,2021/22
E08000001,2022,14.0941504195478,2022/23
E08000001,2023,14.3998302978878,2023/24
E08000001,2024,14.75612605,2024/25
E08000002,2012,13.5925574576344,2012/13
E08000002,2013,13.4945072812821,2013/14
E08000002,2014,13.3911173483296,2014/15
E08000002,2015,13.3859761210718,2015/16
E08000002,2016,14.378729794886,2016/17
E08000002,2017,14.3568094453597,2017/18
E08000002,2018,14.0420196247102,2018/19
E08000002,2019,14.0719560670972,2019/20
E08000002,2020,13.7672011717997,2020/21
E08000002,2021,13.6991023339318,2021/22
E08000002,2022,14.2949784709871,2022/23
E08000002,2023,14.8182630188519,2023/24
E08000002,2024,15.16655621,2024/25
E08000003,2012,10.5692826630956,2012/13
E08000003,2013,10.4384404995892,2013/14
E08000003,2014,10.4868952110537,2014/15
E08000003,2015,10.2710380898424,2015/16
E08000003,2016,10.1787257612438,2016/17
E08000003,2017,10.2116993033826,2017/18
E08000003,2018,10.1641754248199,2018/19
E08000003,2019,10.1484020467815,2019/20
E08000003,2020,10.0095168536839,2020/21
E08000003,2021,9.89174953184927,2021/22
E08000003,2022,10.061426895298,2022/23
E08000003,2023,10.2206124375731,2023/24
E08000003,2024,10.51286967,2024/25
E08000004,2012,13.4998193523674,2012/13
E08000004,2013,13.498335029935,2013/14
E08000004,2014,13.4550643402772,2014/15
E08000004,2015,13.4428282641495,2015/16
E08000004,2016,13.4237535441296,2016/17
E08000004,2017,13.5275062304209,2017/18
E08000004,2018,13.2981247794395,2018/19
E08000004,2019,13.6623543850472,2019/20
E08000004,2020,13.5385345146404,2020/21
E08000004,2021,13.5054934960681,2021/22
E08000004,2022,14.0646653099041,2022/23
E08000004,2023,14.2897252020917,2023/24
E08000004,2024,14.68130078,2024/25
E08000005,2012,13.8417478407615,2012/13
E08000005,2013,13.9417108048482,2013/14
E08000005,2014,14.053380608112,2014/15
E08000005,2015,14.0326485500254,2015/16
E08000005,2016,14.1984851831162,2016/17
E08000005,2017,14.31437266921,2017/18
E08000005,2018,14.3878277375727,2018/19
E08000005,2019,14.4316146648156,2019/20
E08000005,2020,14.2355074729535,2020/21
E08000005,2021,14.2212003593002,2021/22
E08000005,2022,14.7125143222955,2022/23
E08000005,2023,15.1703914978508,2023/24
E08000005,2024,15.62033151,2024/25
E08000006,2012,13.8099064202653,2012/13
E08000006,2013,13.4871130059933,2013/14
E08000006,2014,13.1907439630751,2014/15
E08000006,2015,12.9661679533016,2015/16
E08000006,2016,12.7340683844464,2016/17
E08000006,2017,12.5543316790827,2017/18
E08000006,2018,12.0842878088826,2018/19
E08000006,2019,12.0210711150132,2019/20
E08000006,2020,11.7970214808344,2020/21
E08000006,2021,11.4981366459627,2021/22
E08000006,2022,11.7728822195777,2022/23
E08000006,2023,12.090523498744,2023/24
E08000006,2024,12.41488956,2024/25
E08000007,2012,14.1543559943056,2012/13
E08000007,2013,14.2974246648082,2013/14
E08000007,2014,14.3830850856858,2014/15
E08000007,2015,14.625955490184,2015/16
E08000007,2016,14.7136694735755,2016/17
E08000007,2017,14.8393552401173,2017/18
E08000007,2018,15.0684757112531,2018/19
E08000007,2019,15.1892538783862,2019/20
E08000007,2020,14.9422864567439,2020/21
E08000007,2021,14.9140938467438,2021/22
E08000007,2022,15.396300515927,2022/23
E08000007,2023,15.7819712398787,2023/24
E08000007,2024,16.16415894,2024/25
E08000008,2012,14.6406075234002,2012/13
E08000008,2013,14.9367446656113,2013/14
E08000008,2014,15.0245052813494,2014/15
E08000008,2015,15.3240563048388,2015/16
E08000008,2016,15.618032808684,2016/17
E08000008,2017,15.9221273558722,2017/18
E08000008,2018,15.9873001970659,2018/19
E08000008,2019,15.9958823427211,2019/20
E08000008,2020,15.8643013138281,2020/21
E08000008,2021,15.925467333918,2021/22
E08000008,2022,16.4777445784783,2022/23
E08000008,2023,16.9022749010867,2023/24
E08000008,2024,17.38386542,2024/25
E08000009,2012,13.5061505255585,2012/13
E08000009,2013,13.4987970115234,2013/14
E08000009,2014,13.6264262951222,2014/15
E08000009,2015,13.7363305746297,2015/16
E08000009,2016,14.0585209966545,2016/17
E08000009,2017,14.2269491805992,2017/18
E08000009,2018,14.2513892825018,2018/19
E08000009,2019,14.3713042370548,2019/20
E08000009,2020,14.1050878876613,2020/21
E08000009,2021,13.9387771717007,2021/22
E08000009,2022,14.5019248880591,2022/23
E08000009,2023,14.7801574727157,2023/24
E08000009,2024,15.13817736,2024/25
E08000010,2012,15.9504134807505,2012/13
E08000010,2013,15.9410127678936,2013/14
E08000010,2014,15.855765859954,2014/15
E08000010,2015,15.9459250675937,2015/16
E08000010,2016,15.924882456205,2016/17
E08000010,2017,15.985583892044,2017/18
E08000010,2018,16.028922369456,2018/19
E08000010,2019,16.0989429835355,2019/20
E08000010,2020,15.9037367690309,2020/21
E08000010,2021,15.9336634014345,2021/22
E08000010,2022,16.3143131514502,2022/23
E08000010,2023,17.2212856515134,2023/24
E08000010,2024,18.04209348,2024/25
E08000011,2012,14.6832528540821,2012/13
E08000011,2013,14.6953657661352,2013/14
E08000011,2014,14.6339590279867,2014/15
E08000011,2015,15.0872517291706,2015/16
E08000011,2016,15.2240162026083,2016/17
E08000011,2017,15.3160079001975,2017/18
E08000011,2018,15.4504761432398,2018/19
E08000011,2019,15.6233467439314,2019/20
E08000011,2020,15.4596620591243,2020/21
E08000011,2021,15.3725747151542,2021/22
E08000011,2022,15.841973694564,2022/23
E08000011,2023,16.3397045942671,2023/24
E08000011,2024,16.70344926,2024/25
E08000012,2012,13.4523568963536,2012/13
E08000012,2013,13.4623664369759,2013/14
E08000012,2014,13.5089251256223,2014/15
E08000012,2015,13.4482176691239,2015/16
E08000012,2016,13.5652115051586,2016/17
E08000012,2017,13.7464964415471,2017/18
E08000012,2018,13.8014483886721,2018/19
E08000012,2019,13.8083119171483,2019/20
E08000012,2020,13.5695222703059,2020/21
E08000012,2021,13.3827799159616,2021/22
E08000012,2022,13.7181973798058,2022/23
E08000012,2023,13.9224157351182,2023/24
E08000012,2024,13.99326085,2024/25
E08000013,2012,16.9847614418458,2012/13
E08000013,2013,17.1010040616044,2013/14
E08000013,2014,17.1527387806299,2014/15
E08000013,2015,17.3759608843972,2015/16
E08000013,2016,17.6450225265355,2016/17
E08000013,2017,17.7216702072956,2017/18
E08000013,2018,17.7518647765551,2018/19
E08000013,2019,17.7332829618436,2019/20
E08000013,2020,17.3447129439728,2020/21
E08000013,2021,17.2259407334202,2021/22
E08000013,2022,17.737377965823,2022/23
E08000013,2023,18.3151180813818,2023/24
E08000013,2024,18.67256985,2024/25
E08000014,2012,16.3539883851904,2012/13
E08000014,2013,16.421824086366,2013/14
E08000014,2014,16.5609798145608,2014/15
E08000014,2015,16.6025993711081,2015/16
E08000014,2016,16.6245480060769,2016/17
E08000014,2017,17.0245604373707,2017/18
E08000014,2018,17.4559031518163,2018/19
E08000014,2019,17.298026587994,2019/20
E08000014,2020,17.0754010541171,2020/21
E08000014,2021,17.1126788318291,2021/22
E08000014,2022,17.4226465484615,2022/23
E08000014,2023,17.856623991439,2023/24
E08000014,2024,18.74546952,2024/25
E08000015,2012,15.1677945577368,2012/13
E08000015,2013,14.6971643861587,2013/14
E08000015,2014,15.231155824154,2014/15
E08000015,2015,15.4084541590263,2015/16
E08000015,2016,15.4608713896077,2016/17
E08000015,2017,16.0536569406026,2017/18
E08000015,2018,16.2134511594805,2018/19
E08000015,2019,16.4240187459924,2019/20
E08000015,2020,16.1032010053966,2020/21
E08000015,2021,16.3154112574512,2021/22
E08000015,2022,16.9538118337964,2022/23
E08000015,2023,17.5385661838445,2023/24
E08000015,2024,18.0302807,2024/25
E08000016,2012,15.7413400118187,2012/13
E08000016,2013,15.6461803561172,2013/14
E08000016,2014,15.6744110038941,2014/15
E08000016,2015,15.6830396492952,2015/16
E08000016,2016,15.4706733973205,2016/17
E08000016,2017,15.3814855558402,2017/18
E08000016,2018,15.6195785211254,2018/19
E08000016,2019,15.6258640738454,2019/20
E08000016,2020,15.3615039107583,2020/21
E08000016,2021,15.4889165853971,2021/22
E08000016,2022,16.7380578605068,2022/23
E08000016,2023,17.3283229961124,2023/24
E08000016,2024,18.1597312,2024/25
E08000017,2012,15.1517282829704,2012/13
E08000017,2013,15.2581575488432,2013/14
E08000017,2014,15.2666859307572,2014/15
E08000017,2015,15.263315332903,2015/16
E08000017,2016,15.3134538917222,2016/17
E08000017,2017,15.3203727773015,2017/18
E08000017,2018,15.4712156655946,2018/19
E08000017,2019,15.5197946790492,2019/20
E08000017,2020,15.3289855028481,2020/21
E08000017,2021,15.4141420836811,2021/22
E08000017,2022,15.8578597909142,2022/23
E08000017,2023,16.3817575997769,2023/24
E08000017,2024,16.94470364,2024/25
E08000018,2012,15.7849902035949,2012/13
E08000018,2013,15.8000690433616,2013/14
E08000018,2014,15.7923831024245,2014/15
E08000018,2015,15.958652267419,2015/16
E08000018,2016,15.6067495960014,2016/17
E08000018,2017,15.9493574633108,2017/18
E08000018,2018,16.0545200742974,2018/19
E08000018,2019,16.1223011267159,2019/20
E08000018,2020,15.9295742753623,2020/21
E08000018,2021,16.0310517604236,2021/22
E08000018,2022,16.5557904105017,2022/23
E08000018,2023,17.026567730499,2023/24
E08000018,2024,17.5881017,2024/25
E08000019,2012,13.1365706716653,2012/13
E08000019,2013,13.0548562229187,2013/14
E08000019,2014,13.0085487867476,2014/15
E08000019,2015,12.9599205999715,2015/16
E08000019,2016,12.8776407212109,2016/17
E08000019,2017,12.9430787625268,2017/18
E08000019,2018,12.9608102664442,2018/19
E08000019,2019,12.9370845219606,2019/20
E08000019,2020,12.8289532591301,2020/21
E08000019,2021,12.9722034599437,2021/22
E08000019,2022,13.2381438688745,2022/23
E08000019,2023,13.5150798436802,2023/24
E08000019,2024,13.99761584,2024/25
E08000021,2012,12.4616276690088,2012/13
E08000021,2013,12.3034523159675,2013/14
E08000021,2014,12.2132991533179,2014/15
E08000021,2015,12.0434814845858,2015/16
E08000021,2016,11.9431067520549,2016/17
E08000021,2017,11.8802668593778,2017/18
E08000021,2018,11.9441377348622,2018/19
E08000021,2019,12.0088974972006,2019/20
E08000021,2020,11.9830447790178,2020/21
E08000021,2021,11.9270689404137,2021/22
E08000021,2022,12.1128885678333,2022/23
E08000021,2023,12.2377782091836,2023/24
E08000021,2024,12.43239117,2024/25
E08000022,2012,15.3770840858539,2012/13
E08000022,2013,15.3261338683133,2013/14
E08000022,2014,15.3026544986368,2014/15
E08000022,2015,15.406607819363,2015/16
E08000022,2016,15.4809358141893,2016/17
E08000022,2017,15.487839757686,2017/18
E08000022,2018,15.5400589739648,2018/19
E08000022,2019,15.6058340777908,2019/20
E08000022,2020,15.4005658516805,2020/21
E08000022,2021,15.8367508139957,2021/22
E08000022,2022,16.5997054008327,2022/23
E08000022,2023,17.2550920117579,2023/24
E08000022,2024,17.91496335,2024/25
E08000023,2012,16.1136643148424,2012/13
E08000023,2013,16.0885565896787,2013/14
E08000023,2014,16.1094067208468,2014/15
E08000023,2015,15.972998317212,2015/16
E08000023,2016,15.9937342156581,2016/17
E08000023,2017,15.8668745426199,2017/18
E08000023,2018,15.8386730086557,2018/19
E08000023,2019,15.8241938433789,2019/20
E08000023,2020,15.5547701842187,2020/21
E08000023,2021,15.6786944285292,2021/22
E08000023,2022,16.1346459512606,2022/23
E08000023,2023,16.5712569680362,2023/24
E08000023,2024,17.21922256,2024/25
E08000024,2012,16.611250044028,2012/13
E08000024,2013,16.6232739947364,2013/14
E08000024,2014,16.5501206621601,2014/15
E08000024,2015,16.5043823802948,2015/16
E08000024,2016,16.5911122686733,2016/17
E08000024,2017,16.8150203229821,2017/18
E08000024,2018,17.2867152565051,2018/19
E08000024,2019,17.4041764678994,2019/20
E08000024,2020,17.1287584894644,2020/21
E08000024,2021,17.1169190941221,2021/22
E08000024,2022,18.0577002619606,2022/23
E08000024,2023,18.3878639622193,2023/24
E08000024,2024,18.89958064,2024/25
E08000025,2012,12.4545008680089,2012/13
E08000025,2013,12.365521954665,2013/14
E08000025,2014,12.3062429241469,2014/15
E08000025,2015,12.1606275392429,2015/16
E08000025,2016,12.1142657532652,2016/17
E08000025,2017,12.1235917193057,2017/18
E08000025,2018,12.0810176946733,2018/19
E08000025,2019,12.0962681805959,2019/20
E08000025,2020,11.9162400460398,2020/21
E08000025,2021,11.8344999038134,2021/22
E08000025,2022,12.2267537062167,2022/23
E08000025,2023,12.3635174567001,2023/24
E08000025,2024,12.6351226,2024/25
E08000026,2012,13.85088439194,2012/13
E08000026,2013,13.5985189075352,2013/14
E08000026,2014,13.7178517500413,2014/15
E08000026,2015,13.2406066571501,2015/16
E08000026,2016,13.0402483952769,2016/17
E08000026,2017,12.8265468399332,2017/18
E08000026,2018,12.5660418456624,2018/19
E08000026,2019,12.3929695910704,2019/20
E08000026,2020,12.2769945748808,2020/21
E08000026,2021,12.0391945710599,2021/22
E08000026,2022,12.3194514696791,2022/23
E08000026,2023,12.4944609048492,2023/24
E08000026,2024,12.79734242,2024/25
E08000027,2012,17.2164388271664,2012/13
E08000027,2013,17.5831608733559,2013/14
E08000027,2014,17.5860447534137,2014/15
E08000027,2015,17.7056479604163,2015/16
E08000027,2016,17.0157485698658,2016/17
E08000027,2017,18.0413579523372,2017/18
E08000027,2018,17.555891402388,2018/19
E08000027,2019,17.6227359211374,2019/20
E08000027,2020,17.2566658037794,2020/21
E08000027,2021,17.0705874114448,2021/22
E08000027,2022,17.2894707901393,2022/23
E08000027,2023,17.6404439865171,2023/24
E08000027,2024,18.16927648,2024/25
E08000028,2012,15.6481370059091,2012/13
E08000028,2013,15.6141596830958,2013/14
E08000028,2014,15.476733220502,2014/15
E08000028,2015,15.2106857614982,2015/16
E08000028,2016,15.4641817549384,2016/17
E08000028,2017,15.4307147372062,2017/18
E08000028,2018,15.4301159165118,2018/19
E08000028,2019,15.3399734044895,2019/20
E08000028,2020,15.035610424596,2020/21
E08000028,2021,14.9324550793489,2021/22
E08000028,2022,14.9650458422267,2022/23
E08000028,2023,15.0701873549556,2023/24
E08000028,2024,15.31888468,2024/25
E08000029,2012,15.0647869331143,2012/13
E08000029,2013,15.1528200200345,2013/14
E08000029,2014,15.1270862386972,2014/15
E08000029,2015,15.0589093432131,2015/16
E08000029,2016,15.0247508415286,2016/17
E08000029,2017,14.9306342262579,2017/18
E08000029,2018,14.8973872553247,2018/19
E08000029,2019,14.9585402035689,2019/20
E08000029,2020,14.6992195180332,2020/21
E08000029,2021,14.7203529778237,2021/22
E08000029,2022,15.006671608599,2022/23
E08000029,2023,15.368957599105,2023/24
E08000029,2024,15.76377946,2024/25
E08000030,2012,15.4766688340627,2012/13
E08000030,2013,15.6735897072864,2013/14
E08000030,2014,15.6135136687342,2014/15
E08000030,2015,15.5638814692648,2015/16
E08000030,2016,15.4633986675067,2016/17
E08000030,2017,15.2658620689655,2017/18
E08000030,2018,15.3830265517799,2018/19
E08000030,2019,15.3842484864797,2019/20
E08000030,2020,15.0268579587951,2020/21
E08000030,2021,15.0063395226356,2021/22
E08000030,2022,15.4265279540777,2022/23
E08000030,2023,15.7313409644171,2023/24
E08000030,2024,16.09747199,2024/25
E08000031,2012,15.5943247743672,2012/13
E08000031,2013,15.3241365636415,2013/14
E08000031,2014,15.1637671740149,2014/15
E08000031,2015,14.7798439512607,2015/16
E08000031,2016,14.7031980007968,2016/17
E08000031,2017,14.5219184631743,2017/18
E08000031,2018,14.3421121892162,2018/19
E08000031,2019,14.3236166264935,2019/20
E08000031,2020,14.0940542211081,2020/21
E08000031,2021,14.0876542582906,2021/22
E08000031,2022,14.4687968662191,2022/23
E08000031,2023,14.6729614401888,2023/24
E08000031,2024,14.99424744,2024/25
E08000032,2012,12.3513369790956,2012/13
E08000032,2013,12.3947871490527,2013/14
E08000032,2014,12.4527207558313,2014/15
E08000032,2015,13.0177587477626,2015/16
E08000032,2016,13.0922865967673,2016/17
E08000032,2017,13.2721705205975,2017/18
E08000032,2018,13.4062976190274,2018/19
E08000032,2019,13.567601241921,2019/20
E08000032,2020,13.361600147479,2020/21
E08000032,2021,13.5976406299097,2021/22
E08000032,2022,13.9483441409886,2022/23
E08000032,2023,14.3403280702602,2023/24
E08000032,2024,14.77554021,2024/25
E08000033,2012,13.3426395820592,2012/13
E08000033,2013,13.5501254469482,2013/14
E08000033,2014,13.6396723456403,2014/15
E08000033,2015,13.6883921665545,2015/16
E08000033,2016,13.7112815494208,2016/17
E08000033,2017,13.7743183601635,2017/18
E08000033,2018,13.8863332972544,2018/19
E08000033,2019,14.0763347782834,2019/20
E08000033,2020,13.9599612673678,2020/21
E08000033,2021,13.9470728310195,2021/22
E08000033,2022,14.3784417315684,2022/23
E08000033,2023,15.2822011287154,2023/24
E08000033,2024,15.7550572,2024/25
E08000034,2012,13.5268424266387,2012/13
E08000034,2013,13.6342934686632,2013/14
E08000034,2014,13.7055496936377,2014/15
E08000034,2015,13.7413140188978,2015/16
E08000034,2016,13.7349842323046,2016/17
E08000034,2017,13.7570277763957,2017/18
E08000034,2018,13.8469599791305,2018/19
E08000034,2019,14.1390470562957,2019/20
E08000034,2020,14.0325019149644,2020/21
E08000034,2021,14.5757779419169,2021/22
E08000034,2022,15.0303376714738,2022/23
E08000034,2023,15.3645742643218,2023/24
E08000034,2024,15.8453423,2024/25
E08000035,2012,12.1011565966794,2012/13
E08000035,2013,12.1866707733131,2013/14
E08000035,2014,12.2412756779691,2014/15
E08000035,2015,12.133318549421,2015/16
E08000035,2016,12.2470124239443,2016/17
E08000035,2017,12.350315105426,2017/18
E08000035,2018,12.6581698397925,2018/19
E08000035,2019,12.7883579338189,2019/20
E08000035,2020,12.6585588272157,2020/21
E08000035,2021,12.6913255830243,2021/22
E08000035,2022,13.2938899083339,2022/23
E08000035,2023,13.5825105345462,2023/24
E08000035,2024,13.91907339,2024/25
E08000036,2012,14.9900218623739,2012/13
E08000036,2013,15.1335124032233,2013/14
E08000036,2014,15.1567443198159,2014/15
E08000036,2015,15.1873093969255,2015/16
E08000036,2016,15.1698109000089,2016/17
E08000036,2017,15.2405848202073,2017/18
E08000036,2018,15.5763239875389,2018/19
E08000036,2019,15.6093768923764,2019/20
E08000036,2020,15.3663985326724,2020/21
E08000036,2021,15.4955182426461,2021/22
E08000036,2022,16.1282983900278,2022/23
E08000036,2023,16.7232321353852,2023/24
E08000036,2024,17.32177123,2024/25
E08000037,2012,16.2153385324525,2012/13
E08000037,2013,16.3038344491783,2013/14
E08000037,2014,16.3266686311355,2014/15
E08000037,2015,16.1999519346311,2015/16
E08000037,2016,16.1627528348146,2016/17
E08000037,2017,16.1787917922227,2017/18
E08000037,2018,16.2287119699143,2018/19
E08000037,2019,16.3304817220299,2019/20
E08000037,2020,16.2251814126252,2020/21
E08000037,2021,16.3866248394475,2021/22
E08000037,2022,17.0479116877205,2022/23
E08000037,2023,17.6150946234335,2023/24
E08000037,2024,18.11855634,2024/25
E09000001,2012,8.13283632666893,2012/13
E09000001,2013,9.63065239903348,2013/14
E09000001,2014,10.7092696629213,2014/15
E09000001,2015,10.2592758158248,2015/16
E09000001,2016,10.3623032132845,2016/17
E09000001,2017,10.1199957523627,2017/18
E09000001,2018,10.0574712643678,2018/19
E09000001,2019,9.70863574208478,2019/20
E09000001,2020,9.33250285477006,2020/21
E09000001,2021,8.55929750072373,2021/22
E09000001,2022,9.33954619124797,2022/23
E09000001,2023,9.6350057852109,2023/24
E09000001,2024,9.735242608,2024/25
E09000002,2012,11.961757608566,2012/13
E09000002,2013,12.0968185316864,2013/14
E09000002,2014,11.820107779941,2014/15
E09000002,2015,11.7149595989489,2015/16
E09000002,2016,11.5737392959087,2016/17
E09000002,2017,11.5143059413852,2017/18
E09000002,2018,11.3461515014814,2018/19
E09000002,2019,11.431245643732,2019/20
E09000002,2020,11.2551183906,2020/21
E09000002,2021,11.2593407956342,2021/22
E09000002,2022,11.9194782457111,2022/23
E09000002,2023,12.0833484458308,2023/24
E09000002,2024,12.36754053,2024/25
E09000003,2012,11.847383755297,2012/13
E09000003,2013,11.892658180084,2013/14
E09000003,2014,11.8576579160308,2014/15
E09000003,2015,11.8823981109017,2015/16
E09000003,2016,11.8121087141746,2016/17
E09000003,2017,11.8076753988341,2017/18
E09000003,2018,11.6145067280024,2018/19
E09000003,2019,11.6800430540281,2019/20
E09000003,2020,11.4884718523688,2020/21
E09000003,2021,11.382868247934,2021/22
E09000003,2022,11.9018029994505,2022/23
E09000003,2023,12.0025333973444,2023/24
E09000003,2024,12.13379906,2024/25
E09000004,2012,14.1168071707775,2012/13
E09000004,2013,14.1145633439168,2013/14
E09000004,2014,13.9426103001405,2014/15
E09000004,2015,13.8367491558272,2015/16
E09000004,2016,13.8022722792832,2016/17
E09000004,2017,13.6055725710743,2017/18
E09000004,2018,13.4348518688826,2018/19
E09000004,2019,13.6509020267662,2019/20
E09000004,2020,13.9904919773526,2020/21
E09000004,2021,14.1004602119302,2021/22
E09000004,2022,14.662461016708,2022/23
E09000004,2023,14.7061431749569,2023/24
E09000004,2024,15.08076392,2024/25
E09000005,2012,12.19617915334,2012/13
E09000005,2013,11.9661555892619,2013/14
E09000005,2014,11.9527148704651,2014/15
E09000005,2015,11.8970508796081,2015/16
E09000005,2016,12.2055878229521,2016/17
E09000005,2017,12.1990873136599,2017/18
E09000005,2018,12.1338387648652,2018/19
E09000005,2019,11.9173072852633,2019/20
E09000005,2020,11.3272797226281,2020/21
E09000005,2021,11.1071759385387,2021/22
E09000005,2022,11.111670360942,2022/23
E09000005,2023,10.653197605527,2023/24
E09000005,2024,10.82081347,2024/25
E09000006,2012,13.884849984012,2012/13
E09000006,2013,13.7787877073177,2013/14
E09000006,2014,13.7386079474751,2014/15
E09000006,2015,13.6208208911529,2015/16
E09000006,2016,13.5324588230533,2016/17
E09000006,2017,13.4407246767087,2017/18
E09000006,2018,13.3478252198712,2018/19
E09000006,2019,12.9942686509657,2019/20
E09000006,2020,12.9823737046357,2020/21
E09000006,2021,12.9374181604732,2021/22
E09000006,2022,13.2666145514057,2022/23
E09000006,2023,13.5527454428719,2023/24
E09000006,2024,13.86781358,2024/25
E09000007,2012,8.51809024458461,2012/13
E09000007,2013,8.23116343939541,2013/14
E09000007,2014,8.79649925794243,2014/15
E09000007,2015,9.09668907856882,2015/16
E09000007,2016,9.11433012027899,2016/17
E09000007,2017,9.45208663029404,2017/18
E09000007,2018,9.61725480555445,2018/19
E09000007,2019,9.54520620867421,2019/20
E09000007,2020,9.31882653879127,2020/21
E09000007,2021,8.72890903246962,2021/22
E09000007,2022,8.75094930625801,2022/23
E09000007,2023,8.83203594215559,2023/24
E09000007,2024,8.70994399,2024/25
E09000008,2012,12.2160050291723,2012/13
E09000008,2013,12.1084657165026,2013/14
E09000008,2014,12.2280435332827,2014/15
E09000008,2015,12.2014686584112,2015/16
E09000008,2016,12.3662040466738,2016/17
E09000008,2017,12.467858769597,2017/18
E09000008,2018,12.4035024716382,2018/19
E09000008,2019,12.3819631663484,2019/20
E09000008,2020,12.3240256304744,2020/21
E09000008,2021,12.4231253704801,2021/22
E09000008,2022,12.691347697008,2022/23
E09000008,2023,12.807633454389,2023/24
E09000008,2024,13.1778131,2024/25
E09000009,2012,11.5032476722719,2012/13
E09000009,2013,11.2061608231116,2013/14
E09000009,2014,11.4584731635764,2014/15
E09000009,2015,11.5768028230382,2015/16
E09000009,2016,12.3238267764331,2016/17
E09000009,2017,12.4904725164247,2017/18
E09000009,2018,12.4762342135476,2018/19
E09000009,2019,12.5057366277807,2019/20
E09000009,2020,12.5492638706223,2020/21
E09000009,2021,12.5697582299898,2021/22
E09000009,2022,12.792571791313,2022/23
E09000009,2023,12.713470881737,2023/24
E09000009,2024,12.87573407,2024/25
E09000010,2012,13.3271635005683,2012/13
E09000010,2013,13.3417018985386,2013/14
E09000010,2014,13.2185667081009,2014/15
E09000010,2015,13.1569501498664,2015/16
E09000010,2016,13.1728858996146,2016/17
E09000010,2017,13.1882952050208,2017/18
E09000010,2018,13.2205859304708,2018/19
E09000010,2019,16.0403341581686,2019/20
E09000010,2020,13.009021808624,2020/21
E09000010,2021,12.8013952718902,2021/22
E09000010,2022,13.5679701119416,2022/23
E09000010,2023,13.6700853062398,2023/24
E09000010,2024,13.89907919,2024/25
E09000011,2012,12.0988352411174,2012/13
E09000011,2013,12.4337274401873,2013/14
E09000011,2014,12.2752623858152,2014/15
E09000011,2015,12.7334825358776,2015/16
E09000011,2016,12.4246126330391,2016/17
E09000011,2017,12.3360557249764,2017/18
E09000011,2018,12.2791346361387,2018/19
E09000011,2019,12.1085056811136,2019/20
E09000011,2020,11.9514161582729,2020/21
E09000011,2021,11.9078700481434,2021/22
E09000011,2022,12.3542902032335,2022/23
E09000011,2023,12.4941528529431,2023/24
E09000011,2024,12.7314857,2024/25
E09000012,2012,9.28560063643596,2012/13
E09000012,2013,9.49865695588686,2013/14
E09000012,2014,9.48532075564607,2014/15
E09000012,2015,9.31891921460831,2015/16
E09000012,2016,9.27606774521734,2016/17
E09000012,2017,9.1798911719321,2017/18
E09000012,2018,9.08788399453505,2018/19
E09000012,2019,8.99121564182488,2019/20
E09000012,2020,8.82876401682801,2020/21
E09000012,2021,8.78014833916769,2021/22
E09000012,2022,8.96236144095514,2022/23
E09000012,2023,9.04797256894594,2023/24
E09000012,2024,9.16287281,2024/25
E09000013,2012,9.14605990941869,2012/13
E09000013,2013,9.1430040592723,2013/14
E09000013,2014,9.21746149058659,2014/15
E09000013,2015,9.23727722323698,2015/16
E09000013,2016,9.26744838914745,2016/17
E09000013,2017,8.56946412201017,2017/18
E09000013,2018,7.86583852772006,2018/19
E09000013,2019,7.45782717749471,2019/20
E09000013,2020,7.14146305194383,2020/21
E09000013,2021,6.85505077066224,2021/22
E09000013,2022,7.25614087777155,2022/23
E09000013,2023,7.60948332262484,2023/24
E09000013,2024,7.692775674,2024/25
E09000014,2012,10.4935533065299,2012/13
E09000014,2013,10.464016147005,2013/14
E09000014,2014,10.4008153122339,2014/15
E09000014,2015,10.4846784835644,2015/16
E09000014,2016,10.4830459051904,2016/17
E09000014,2017,10.4029812404709,2017/18
E09000014,2018,10.4719565033241,2018/19
E09000014,2019,10.5365249303103,2019/20
E09000014,2020,10.555059049822,2020/21
E09000014,2021,10.4618305101569,2021/22
E09000014,2022,10.7510583339313,2022/23
E09000014,2023,10.8805197859705,2023/24
E09000014,2024,11.08362354,2024/25
E09000015,2012,13.4006051913673,2012/13
E09000015,2013,13.1268940024643,2013/14
E09000015,2014,13.0718872591889,2014/15
E09000015,2015,13.0082252847758,2015/16
E09000015,2016,13.2729025573739,2016/17
E09000015,2017,13.337763695555,2017/18
E09000015,2018,13.5183248922351,2018/19
E09000015,2019,13.5175908112535,2019/20
E09000015,2020,13.4010171478267,2020/21
E09000015,2021,13.283183908769,2021/22
E09000015,2022,13.2781104505927,2022/23
E09000015,2023,13.5266899817221,2023/24
E09000015,2024,13.80985801,2024/25
E09000016,2012,14.1565941111745,2012/13
E09000016,2013,14.1252561586151,2013/14
E09000016,2014,14.0238597981597,2014/15
E09000016,2015,13.9455219825651,2015/16
E09000016,2016,13.7880953029908,2016/17
E09000016,2017,13.9163577225746,2017/18
E09000016,2018,13.946587537092,2018/19
E09000016,2019,14.505794137696,2019/20
E09000016,2020,14.3314809008036,2020/21
E09000016,2021,14.241644285288,2021/22
E09000016,2022,14.4246120794308,2022/23
E09000016,2023,14.632793754123,2023/24
E09000016,2024,14.67475197,2024/25
E09000017,2012,12.6667384755439,2012/13
E09000017,2013,12.1658265429445,2013/14
E09000017,2014,12.347288972788,2014/15
E09000017,2015,12.3936780569922,2015/16
E09000017,2016,12.4699640217688,2016/17
E09000017,2017,12.5188121601803,2017/18
E09000017,2018,12.4808203403233,2018/19
E09000017,2019,12.5,2019/20
E09000017,2020,12.3914387765462,2020/21
E09000017,2021,12.4324308019016,2021/22
E09000017,2022,12.7602508783099,2022/23
E09000017,2023,13.0931362367006,2023/24
E09000017,2024,13.50709553,2024/25
E09000018,2012,10.9514794832908,2012/13
E09000018,2013,10.9196979613092,2013/14
E09000018,2014,10.9704944752043,2014/15
E09000018,2015,11.37511037416,2015/16
E09000018,2016,11.5852887756392,2016/17
E09000018,2017,11.6631850217684,2017/18
E09000018,2018,11.6898056452558,2018/19
E09000018,2019,11.6392005285354,2019/20
E09000018,2020,11.5027573106324,2020/21
E09000018,2021,11.6315169198031,2021/22
E09000018,2022,12.1569160810008,2022/23
E09000018,2023,12.3864169992956,2023/24
E09000018,2024,12.71233927,2024/25
E09000019,2012,9.35410126927801,2012/13
E09000019,2013,9.30105273960302,2013/14
E09000019,2014,9.26576280551358,2014/15
E09000019,2015,9.10206686631646,2015/16
E09000019,2016,9.00788626630735,2016/17
E09000019,2017,8.99395497794593,2017/18
E09000019,2018,8.98594339551308,2018/19
E09000019,2019,8.82899084715033,2019/20
E09000019,2020,8.49615093477298,2020/21
E09000019,2021,7.97967617274548,2021/22
E09000019,2022,8.03892873828565,2022/23
E09000019,2023,8.12323891442978,2023/24
E09000019,2024,8.062929229,2024/25
E09000020,2012,9.45156867944327,2012/13
E09000020,2013,9.13801301916802,2013/14
E09000020,2014,8.94858463316002,2014/15
E09000020,2015,8.88593344055425,2015/16
E09000020,2016,9.1381237930684,2016/17
E09000020,2017,9.14609068791406,2017/18
E09000020,2018,9.0072627579241,2018/19
E09000020,2019,8.9215493970727,2019/20
E09000020,2020,8.41259384926364,2020/21
E09000020,2021,8.10172147288627,2021/22
E09000020,2022,8.68644966448647,2022/23
E09000020,2023,9.46986352154084,2023/24
E09000020,2024,9.429491958,2024/25
E09000021,2012,10.6206216400191,2012/13
E09000021,2013,10.467567182077,2013/14
E09000021,2014,10.2311212695232,2014/15
E09000021,2015,10.1467036545157,2015/16
E09000021,2016,10.1874800744573,2016/17
E09000021,2017,10.314995783521,2017/18
E09000021,2018,10.3121188413262,2018/19
E09000021,2019,10.3162532123564,2019/20
E09000021,2020,10.2396618568163,2020/21
E09000021,2021,10.2900653675091,2021/22
E09000021,2022,10.5124503112578,2022/23
E09000021,2023,10.7864784464441,2023/24
E09000021,2024,11.016984,2024/25
E09000022,2012,9.2263874026211,2012/13
E09000022,2013,9.48272989782319,2013/14
E09000022,2014,9.6114024179526,2014/15
E09000022,2015,9.39138838863686,2015/16
E09000022,2016,9.44467734417923,2016/17
E09000022,2017,9.39248162324279,2017/18
E09000022,2018,9.41689073338009,2018/19
E09000022,2019,9.40222095576926,2019/20
E09000022,2020,9.34943495071769,2020/21
E09000022,2021,9.24714564547989,2021/22
E09000022,2022,9.55891375769545,2022/23
E09000022,2023,9.72619683339495,2023/24
E09000022,2024,9.913092438,2024/25
E09000023,2012,10.9569813950061,2012/13
E09000023,2013,11.2630832880054,2013/14
E09000023,2014,11.3133671764638,2014/15
E09000023,2015,11.2070627119019,2015/16
E09000023,2016,11.4104478532907,2016/17
E09000023,2017,11.5686645392364,2017/18
E09000023,2018,11.3273898854189,2018/19
E09000023,2019,11.1811459989208,2019/20
E09000023,2020,10.9580921832508,2020/21
E09000023,2021,10.8391408333047,2021/22
E09000023,2022,11.0450702793668,2022/23
E09000023,2023,11.1688784366426,2023/24
E09000023,2024,11.46105688,2024/25
E09000024,2012,10.3997344630945,2012/13
E09000024,2013,10.5135820287924,2013/14
E09000024,2014,11.0438603381122,2014/15
E09000024,2015,10.4886298542476,2015/16
E09000024,2016,10.4634347420632,2016/17
E09000024,2017,10.5717787678709,2017/18
E09000024,2018,10.5343739825952,2018/19
E09000024,2019,10.5842370716713,2019/20
E09000024,2020,10.4922173705014,2020/21
E09000024,2021,10.687601377672,2021/22
E09000024,2022,10.8734947427378,2022/23
E09000024,2023,11.1213731443995,2023/24
E09000024,2024,11.2730925,2024/25
E09000025,2012,10.0161228529468,2012/13
E09000025,2013,10.3402741670587,2013/14
E09000025,2014,10.4095021285069,2014/15
E09000025,2015,10.6226901257957,2015/16
E09000025,2016,10.5946177863243,2016/17
E09000025,2017,10.4026484775863,2017/18
E09000025,2018,10.4359585925398,2018/19
E09000025,2019,10.4153893681234,2019/20
E09000025,2020,10.2323146483119,2020/21
E09000025,2021,9.97865385302419,2021/22
E09000025,2022,10.0970408685125,2022/23
E09000025,2023,10.2401750908561,2023/24
E09000025,2024,10.50679431,2024/25
E09000026,2012,12.182031346005,2012/13
E09000026,2013,12.302669752366,2013/14
E09000026,2014,12.1065907767932,2014/15
E09000026,2015,12.0135308860003,2015/16
E09000026,2016,11.8764808821024,2016/17
E09000026,2017,11.8022023408223,2017/18
E09000026,2018,11.5604478669627,2018/19
E09000026,2019,11.7276901137378,2019/20
E09000026,2020,11.7281641672517,2020/21
E09000026,2021,11.5187130442573,2021/22
E09000026,2022,11.7575892990951,2022/23
E09000026,2023,11.7754253165444,2023/24
E09000026,2024,11.8539152,2024/25
E09000027,2012,10.4913920875613,2012/13
E09000027,2013,10.2674831675096,2013/14
E09000027,2014,10.2279120859493,2014/15
E09000027,2015,10.1598148449063,2015/16
E09000027,2016,10.014142191737,2016/17
E09000027,2017,9.9773717018188,2017/18
E09000027,2018,9.79061365753719,2018/19
E09000027,2019,9.68650727303127,2019/20
E09000027,2020,9.6708549747824,2020/21
E09000027,2021,9.83661067953498,2021/22
E09000027,2022,10.2424560721537,2022/23
E09000027,2023,10.4708951465768,2023/24
E09000027,2024,10.69207227,2024/25
E09000028,2012,9.86361026866225,2012/13
E09000028,2013,10.6296786102534,2013/14
E09000028,2014,10.6323899610954,2014/15
E09000028,2015,10.5480109882571,2015/16
E09000028,2016,10.5867201668083,2016/17
E09000028,2017,10.6296087192024,2017/18
E09000028,2018,10.4787745085609,2018/19
E09000028,2019,10.5188294340551,2019/20
E09000028,2020,10.3969033579421,2020/21
E09000028,2021,10.1898088378979,2021/22
E09000028,2022,10.363383355632,2022/23
E09000028,2023,10.5630342670569,2023/24
E09000028,2024,10.98295807,2024/25
E09000029,2012,12.431912192325,2012/13
E09000029,2013,12.3746057947534,2013/14
E09000029,2014,12.4090216119572,2014/15
E09000029,2015,12.4334156815779,2015/16
E09000029,2016,12.5458311037121,2016/17
E09000029,2017,12.5835973248856,2017/18
E09000029,2018,12.9279348939707,2018/19
E09000029,2019,13.1156283778314,2019/20
E09000029,2020,12.9600237123161,2020/21
E09000029,2021,12.8270034208497,2021/22
E09000029,2022,13.0694534183592,2022/23
E09000029,2023,13.2621161672216,2023/24
E09000029,2024,13.61864122,2024/25
E09000030,2012,7.83031857309524,2012/13
E09000030,2013,7.9199066874028,2013/14
E09000030,2014,7.75421498548313,2014/15
E09000030,2015,7.65625104034196,2015/16
E09000030,2016,7.55385078797434,2016/17
E09000030,2017,7.48226141526474,2017/18
E09000030,2018,7.38363287259544,2018/19
E09000030,2019,7.38016247963143,2019/20
E09000030,2020,7.18650092844447,2020/21
E09000030,2021,6.98403671528909,2021/22
E09000030,2022,7.16718580186889,2022/23
E09000030,2023,7.39845435401574,2023/24
E09000030,2024,7.656048011,2024/25
E09000031,2012,10.9788225757422,2012/13
E09000031,2013,11.0215144612598,2013/14
E09000031,2014,11.2607931996139,2014/15
E09000031,2015,11.1339406733322,2015/16
E09000031,2016,11.1243422061419,2016/17
E09000031,2017,10.9541129941708,2017/18
E09000031,2018,11.0342105095602,2018/19
E09000031,2019,10.9557248088081,2019/20
E09000031,2020,10.7897705786942,2020/21
E09000031,2021,10.7325604791902,2021/22
E09000031,2022,10.9975946078053,2022/23
E09000031,2023,11.1754214861469,2023/24
E09000031,2024,11.37771573,2024/25
E09000032,2012,8.59273433323015,2012/13
E09000032,2013,8.31859812009701,2013/14
E09000032,2014,8.35923659641992,2014/15
E09000032,2015,8.25369152336424,2015/16
E09000032,2016,8.18867856284764,2016/17
E09000032,2017,8.12412204659639,2017/18
E09000032,2018,8.06195590168407,2018/19
E09000032,2019,8.10052053886495,2019/20
E09000032,2020,8.19672131147541,2020/21
E09000032,2021,8.28505955132429,2021/22
E09000032,2022,8.60710569347406,2022/23
E09000032,2023,8.69166185118461,2023/24
E09000032,2024,8.772115334,2024/25
E09000033,2012,8.45546833257984,2012/13
E09000033,2013,8.56525106760166,2013/14
E09000033,2014,8.21591670693122,2014/15
E09000033,2015,8.64958766797788,2015/16
E09000033,2016,8.57825530187088,2016/17
E09000033,2017,8.09948353753166,2017/18
E09000033,2018,7.9004496276521,2018/19
E09000033,2019,7.68329081945071,2019/20
E09000033,2020,7.59466716352856,2020/21
E09000033,2021,7.19875768742528,2021/22
E09000033,2022,7.33754958822182,2022/23
E09000033,2023,7.65019410535079,2023/24
E09000033,2024,7.800684097,2024/25
E10000003,2012,12.9750652596157,2012/13
E10000003,2013,12.8891260589033,2013/14
E10000003,2014,12.8092907388751,2014/15
E10000003,2015,12.7380503972415,2015/16
E10000003,2016,12.7455048607315,2016/17
E10000003,2017,12.7687104960402,2017/18
E10000003,2018,12.7423868768877,2018/19
E10000003,2019,12.8099342569895,2019/20
E10000003,2020,12.7008051879337,2020/21
E10000003,2021,12.6529792907982,2021/22
E10000003,2022,13.0206795261454,2022/23
E10000003,2023,13.4958704282467,2023/24
E10000003,2024,14.1073858,2024/25
E10000006,2012,15.3763680171855,2012/13
E10000006,2013,15.6508512256479,2013/14
E10000006,2014,15.8065297953184,2014/15
E10000006,2015,15.9035076808259,2015/16
E10000006,2016,16.1478587901228,2016/17
E10000006,2017,16.3086400405525,2017/18
E10000006,2018,16.2938662852891,2018/19
E10000006,2019,16.5417353129207,2019/20
E10000006,2020,16.3277539990003,2020/21
E10000006,2021,16.47133,2021/22
E10000007,2012,15.6367859457309,2012/13
E10000007,2013,15.8071519534387,2013/14
E10000007,2014,15.92355551932,2014/15
E10000007,2015,16.0501669950776,2015/16
E10000007,2016,16.2230970896703,2016/17
E10000007,2017,16.3852721572238,2017/18
E10000007,2018,16.5297127095608,2018/19
E10000007,2019,16.7452010134483,2019/20
E10000007,2020,16.5821544468579,2020/21
E10000007,2021,16.86601069149,2021/22
E10000007,2022,17.3966078422959,2022/23
E10000007,2023,17.9598586967757,2023/24
E10000007,2024,18.54894528,2024/25
E10000008,2012,15.2987838796165,2012/13
E10000008,2013,15.4817382701315,2013/14
E10000008,2014,15.8528335822539,2014/15
E10000008,2015,15.8449118367581,2015/16
E10000008,2016,16.0474667446734,2016/17
E10000008,2017,15.9674448186128,2017/18
E10000008,2018,15.9695524846358,2018/19
E10000008,2019,16.0643134466224,2019/20
E10000008,2020,15.9833495247113,2020/21
E10000008,2021,16.0977011773038,2021/22
E10000008,2022,16.6783245729067,2022/23
E10000008,2023,17.2102923609227,2023/24
E10000008,2024,17.86224212,2024/25
E10000011,2012,16.5162616154396,2012/13
E10000011,2013,16.6593543877392,2013/14
E10000011,2014,16.6387846120473,2014/15
E10000011,2015,16.9406573555487,2015/16
E10000011,2016,16.9031174164644,2016/17
E10000011,2017,17.0018548461235,2017/18
E10000011,2018,17.0444275423918,2018/19
E10000011,2019,17.1677719365578,2019/20
E10000011,2020,16.9980592738983,2020/21
E10000011,2021,17.0631730382719,2021/22
E10000011,2022,17.4745199350987,2022/23
E10000011,2023,17.8824629784808,2023/24
E10000011,2024,18.35205019,2024/25
E10000012,2012,14.8213577008334,2012/13
E10000012,2013,15.0516620887209,2013/14
E10000012,2014,15.0519934237567,2014/15
E10000012,2015,15.0239104032913,2015/16
E10000012,2016,14.9767806240286,2016/17
E10000012,2017,15.106065880366,2017/18
E10000012,2018,15.1290679435317,2018/19
E10000012,2019,15.2380568601479,2019/20
E10000012,2020,15.0610569383238,2020/21
E10000012,2021,15.1519117017844,2021/22
E10000012,2022,15.4641417500883,2022/23
E10000012,2023,15.743673958165,2023/24
E10000012,2024,16.06471217,2024/25
E10000013,2012,13.7890851653665,2012/13
E10000013,2013,13.9174532974583,2013/14
E10000013,2014,13.9416181890918,2014/15
E10000013,2015,14.0279015480706,2015/16
E10000013,2016,14.1441914815192,2016/17
E10000013,2017,14.145420771657,2017/18
E10000013,2018,14.1030820597837,2018/19
E10000013,2019,14.2299740585242,2019/20
E10000013,2020,14.2532768654947,2020/21
E10000013,2021,14.6456296296296,2021/22
E10000013,2022,15.5699717892307,2022/23
E10000013,2023,16.0680512735881,2023/24
E10000013,2024,16.4889111,2024/25
E10000014,2012,13.9810058985415,2012/13
E10000014,2013,14.146160239128,2013/14
E10000014,2014,14.2987109448822,2014/15
E10000014,2015,14.4391674531413,2015/16
E10000014,2016,14.6108396153592,2016/17
E10000014,2017,14.9378268863462,2017/18
E10000014,2018,14.8540181731415,2018/19
E10000014,2019,15.66105998809,2019/20
E10000014,2020,15.4789979818823,2020/21
E10000014,2021,15.7195390443144,2021/22
E10000014,2022,16.2917418434236,2022/23
E10000014,2023,16.8451735781534,2023/24
E10000014,2024,17.4393186,2024/25
E10000015,2012,12.7944928002281,2012/13
E10000015,2013,12.7959782895914,2013/14
E10000015,2014,12.8089639618803,2014/15
E10000015,2015,12.8437247106436,2015/16
E10000015,2016,12.9168069656984,2016/17
E10000015,2017,13.0168069757747,2017/18
E10000015,2018,13.0670942070064,2018/19
E10000015,2019,13.0731018209479,2019/20
E10000015,2020,12.9108052353702,2020/21
E10000015,2021,12.9640800027592,2021/22
E10000015,2022,13.4225044001874,2022/23
E10000015,2023,13.7048437229859,2023/24
E10000015,2024,14.15572049,2024/25
E10000016,2012,14.3180178044931,2012/13
E10000016,2013,14.4881979164329,2013/14
E10000016,2014,14.5724481445343,2014/15
E10000016,2015,14.6819356990951,2015/16
E10000016,2016,14.6857142121849,2016/17
E10000016,2017,14.7571699211034,2017/18
E10000016,2018,14.7444801518531,2018/19
E10000016,2019,14.86866045596,2019/20
E10000016,2020,14.7015784095012,2020/21
E10000016,2021,14.952677534091,2021/22
E10000016,2022,15.5621416888628,2022/23
E10000016,2023,15.8665542261145,2023/24
E10000016,2024,16.3924876,2024/25
E10000017,2012,14.1422440720319,2012/13
E10000017,2013,14.3272729741473,2013/14
E10000017,2014,14.4873290392386,2014/15
E10000017,2015,14.6483871049077,2015/16
E10000017,2016,14.8767632121806,2016/17
E10000017,2017,14.9334802414116,2017/18
E10000017,2018,14.7060850498539,2018/19
E10000017,2019,15.500498990226,2019/20
E10000017,2020,15.3247895283128,2020/21
E10000017,2021,15.5021782234621,2021/22
E10000017,2022,16.0621283616049,2022/23
E10000017,2023,16.5886322820163,2023/24
E10000017,2024,17.14800477,2024/25
E10000018,2012,14.3030797179616,2012/13
E10000018,2013,14.5000630999131,2013/14
E10000018,2014,14.6376706778703,2014/15
E10000018,2015,14.812845317992,2015/16
E10000018,2016,14.8904661911621,2016/17
E10000018,2017,14.9700726806327,2017/18
E10000018,2018,15.1042207801325,2018/19
E10000018,2019,15.2480868783919,2019/20
E10000018,2020,15.1989396152926,2020/21
E10000018,2021,15.2769828332774,2021/22
E10000018,2022,15.8100456571922,2022/23
E10000018,2023,16.382202596974,2023/24
E10000018,2024,17.09920217,2024/25
E10000019,2012,16.0572649561142,2012/13
E10000019,2013,16.1287441870384,2013/14
E10000019,2014,16.410248797978,2014/15
E10000019,2015,16.2538446543769,2015/16
E10000019,2016,16.4277500958222,2016/17
E10000019,2017,16.5490002531981,2017/18
E10000019,2018,16.776659423772,2018/19
E10000019,2019,16.997131732426,2019/20
E10000019,2020,16.9091269146108,2020/21
E10000019,2021,17.0884913214936,2021/22
E10000019,2022,17.5836435855611,2022/23
E10000019,2023,18.225257068615,2023/24
E10000019,2024,18.91970144,2024/25
E10000020,2012,15.6619763627066,2012/13
E10000020,2013,15.6812991626491,2013/14
E10000020,2014,15.7405079205431,2014/15
E10000020,2015,15.7543263415248,2015/16
E10000020,2016,15.5268706840279,2016/17
E10000020,2017,15.8474774431592,2017/18
E10000020,2018,15.9915967020613,2018/19
E10000020,2019,16.1191190302185,2019/20
E10000020,2020,15.99687695854,2020/21
E10000020,2021,16.1817898051424,2021/22
E10000020,2022,16.7953762937699,2022/23
E10000020,2023,17.3235945964779,2023/24
E10000020,2024,17.89494474,2024/25
E10000023,2012,15.3122115538541,2012/13
E10000023,2013,15.5236706403837,2013/14
E10000023,2014,15.6519122375766,2014/15
E10000023,2015,15.8161593281295,2015/16
E10000023,2016,16.0551878582652,2016/17
E10000023,2017,16.2189768002248,2017/18
E10000023,2018,16.4617218042725,2018/19
E10000023,2019,16.6972031669288,2019/20
E10000023,2020,16.6616577607218,2020/21
E10000023,2021,17.09476,2021/22
E10000024,2012,14.8812100070235,2012/13
E10000024,2013,14.8955472828929,2013/14
E10000024,2014,14.8701945997486,2014/15
E10000024,2015,14.9571092973641,2015/16
E10000024,2016,14.825697876319,2016/17
E10000024,2017,14.8809494563375,2017/18
E10000024,2018,15.0725585723323,2018/19
E10000024,2019,15.1721225696293,2019/20
E10000024,2020,15.0014577668476,2020/21
E10000024,2021,15.1306906761303,2021/22
E10000024,2022,15.6127743140595,2022/23
E10000024,2023,16.2625098704413,2023/24
E10000024,2024,16.98595768,2024/25
E10000025,2012,11.9860909914312,2012/13
E10000025,2013,12.0098316513554,2013/14
E10000025,2014,12.1143471767092,2014/15
E10000025,2015,12.1941512515857,2015/16
E10000025,2016,12.2991525124762,2016/17
E10000025,2017,12.3883018686957,2017/18
E10000025,2018,12.4183134492574,2018/19
E10000025,2019,12.579891658026,2019/20
E10000025,2020,12.5525065232007,2020/21
E10000025,2021,12.5342344564976,2021/22
E10000025,2022,12.8731267775607,2022/23
E10000025,2023,13.2644101333553,2023/24
E10000025,2024,13.67362222,2024/25
E10000027,2012,15.9310046742181,2012/13
E10000027,2013,16.0832112765927,2013/14
E10000027,2014,16.1198657141882,2014/15
E10000027,2015,16.1911473682712,2015/16
E10000027,2016,16.3260896678079,2016/17
E10000027,2017,16.6001872561406,2017/18
E10000027,2018,16.7414789756168,2018/19
E10000027,2019,16.9766115621805,2019/20
E10000027,2020,16.9144378028448,2020/21
E10000027,2021,17.07256,2021/22
E10000028,2012,15.3066170062911,2012/13
E10000028,2013,15.4006446546183,2013/14
E10000028,2014,15.6264670596213,2014/15
E10000028,2015,15.6858711368686,2015/16
E10000028,2016,15.6256702250573,2016/17
E10000028,2017,15.9607916524763,2017/18
E10000028,2018,16.0256558606261,2018/19
E10000028,2019,16.1366045214496,2019/20
E10000028,2020,15.9208738166489,2020/21
E10000028,2021,16.1101908962791,2021/22
E10000028,2022,16.7653353848873,2022/23
E10000028,2023,17.3954235691728,2023/24
E10000028,2024,18.03102168,2024/25
E10000029,2012,14.7236731033027,2012/13
E10000029,2013,14.891318439134,2013/14
E10000029,2014,15.0188720373367,2014/15
E10000029,2015,15.1739586385577,2015/16
E10000029,2016,15.3106205271893,2016/17
E10000029,2017,15.4870022145233,2017/18
E10000029,2018,15.626836508662,2018/19
E10000029,2019,15.8835294132289,2019/20
E10000029,2020,15.8072865068357,2020/21
E10000029,2021,16.1555915641589,2021/22
E10000029,2022,16.7978638132201,2022/23
E10000029,2023,17.3418036810706,2023/24
E10000029,2024,17.9905332,2024/25
E10000030,2012,12.9288819873154,2012/13
E10000030,2013,12.8294590426577,2013/14
E10000030,2014,12.8576012901952,2014/15
E10000030,2015,12.8807676552815,2015/16
E10000030,2016,12.9722025968253,2016/17
E10000030,2017,13.1238005768491,2017/18
E10000030,2018,13.1475958634094,2018/19
E10000030,2019,13.3320242694117,2019/20
E10000030,2020,13.1056175465705,2020/21
E10000030,2021,13.1493596204812,2021/22
E10000030,2022,13.6063800339419,2022/23
E10000030,2023,13.9775778855741,2023/24
E10000030,2024,14.35649246,2024/25
E10000031,2012,14.717126886089,2012/13
E10000031,2013,14.8133456897947,2013/14
E10000031,2014,15.0423097843048,2014/15
E10000031,2015,15.0918297513342,2015/16
E10000031,2016,15.2428529956593,2016/17
E10000031,2017,15.2988246976725,2017/18
E10000031,2018,15.2686856156174,2018/19
E10000031,2019,15.2716348021911,2019/20
E10000031,2020,15.089806826891,2020/21
E10000031,2021,15.2119090332284,2021/22
E10000031,2022,15.8112287803418,2022/23
E10000031,2023,16.1417341209525,2023/24
E10000031,2024,16.51093915,2024/25
E10000032,2012,14.6602245677868,2012/13
E10000032,2013,14.8486918127947,2013/14
E10000032,2014,14.903434972576,2014/15
E10000032,2015,14.9767976674469,2015/16
E10000032,2016,15.1510502432555,2016/17
E10000032,2017,15.3106608714432,2017/18
E10000032,2018,15.5520063885007,2018/19
E10000032,2019,15.7137727792478,2019/20
E10000032,2020,15.5414735668168,2020/21
E10000032,2021,15.6456148906771,2021/22
E10000032,2022,16.2664518727346,2022/23
E10000032,2023,16.6562387607391,2023/24
E10000032,2024,17.0796462,2024/25
E10000034,2012,14.9152548224822,2012/13
E10000034,2013,15.2474258755467,2013/14
E10000034,2014,15.4887277232636,2014/15
E10000034,2015,15.758331631594,2015/16
E10000034,2016,15.7437498042048,2016/17
E10000034,2017,16.2985793497812,2017/18
E10000034,2018,16.2792869395117,2018/19
E10000034,2019,16.4732710036811,2019/20
E10000034,2020,16.2704600492111,2020/21
E10000034,2021,16.3776366395542,2021/22
E10000034,2022,17.3714505659849,2022/23
E10000034,2023,17.9532304040254,2023/24
E10000034,2024,18.52581431,2024/25
E92000001,2012,13.675635348479,2012/13
E92000001,2013,13.733879306318,2013/14
E92000001,2014,13.787579121095,2014/15
E92000001,2015,13.8129548156966,2015/16
E92000001,2016,13.8345597256496,2016/17
E92000001,2017,13.9448998964875,2017/18
E92000001,2018,13.9602660528485,2018/19
E92000001,2019,14.0956982542867,2019/20
E92000001,2020,13.9297154152026,2020/21
E92000001,2021,13.9679164475326,2021/22
E92000001,2022,14.4225588815631,2022/23
E92000001,2023,14.7925243005823,2023/24
E92000001,2024,15.22973,2024/25
