la_code,supergroup,supergroup_code,group,group_code,subgroup,subgroup_code
E06000047,Services and Industrial Legacy,6,"Services, Manufacturing and Mining Legacy",6a,Mining Legacy,6a2
E06000005,Services and Industrial Legacy,6,"Services, Manufacturing and Mining Legacy",6a,Service Economy,6a3
E06000001,Services and Industrial Legacy,6,"Services, Manufacturing and Mining Legacy",6a,Mining Legacy,6a2
E06000002,Urban Settlements,8,Manufacturing Traits,8a,Industrial and Multi-ethnic,8a1
E06000057,Countryside Living,3,English and Welsh Countryside,3a,Sparse English and Welsh Countryside,3a2
E06000003,Services and Industrial Legacy,6,"Services, Manufacturing and Mining Legacy",6a,Mining Legacy,6a2
E06000004,Services and Industrial Legacy,6,"Services, Manufacturing and Mining Legacy",6a,Manufacturing Legacy,6a1
E08000037,Services and Industrial Legacy,6,"Services, Manufacturing and Mining Legacy",6a,Service Economy,6a3
E08000021,"Business, Education and Heritage Centres",2,Larger Towns and Cities,2a,Larger Towns and Cities,2a1
E08000022,Services and Industrial Legacy,6,"Services, Manufacturing and Mining Legacy",6a,Service Economy,6a3
E08000023,Services and Industrial Legacy,6,"Services, Manufacturing and Mining Legacy",6a,Service Economy,6a3
E08000024,Services and Industrial Legacy,6,"Services, Manufacturing and Mining Legacy",6a,Mining Legacy,6a2
E06000008,Urban Settlements,8,Manufacturing Traits,8a,Industrial and Multi-ethnic,8a1
E06000009,Services and Industrial Legacy,6,"Services, Manufacturing and Mining Legacy",6a,Service Economy,6a3
E06000049,Town and Country Living,7,Country Living,7a,Country Living,7a1
E06000050,Town and Country Living,7,Town Living,7c,Prosperous Towns,7c2
E06000006,Services and Industrial Legacy,6,"Services, Manufacturing and Mining Legacy",6a,Manufacturing Legacy,6a1
E06000007,Town and Country Living,7,Town Living,7c,Prosperous Towns,7c2
E07000026,Countryside Living,3,English and Welsh Countryside,3a,Sparse English and Welsh Countryside,3a2
E07000027,Services and Industrial Legacy,6,"Services, Manufacturing and Mining Legacy",6a,Mining Legacy,6a2
E07000028,Services and Industrial Legacy,6,"Services, Manufacturing and Mining Legacy",6a,Manufacturing Legacy,6a1
E07000029,Services and Industrial Legacy,6,"Services, Manufacturing and Mining Legacy",6a,Mining Legacy,6a2
E07000030,Countryside Living,3,English and Welsh Countryside,3a,Older Farming Communities,3a1
E07000031,Countryside Living,3,English and Welsh Countryside,3a,Older Farming Communities,3a1
E08000001,Urban Settlements,8,Manufacturing Traits,8a,Industrial and Multi-ethnic,8a1
E08000002,Urban Settlements,8,Manufacturing Traits,8a,Urban Living,8a2
E08000003,"Business, Education and Heritage Centres",2,University Towns and Cities,2b,University Towns and Cities,2b1
E08000004,Urban Settlements,8,Manufacturing Traits,8a,Industrial and Multi-ethnic,8a1
E08000005,Urban Settlements,8,Manufacturing Traits,8a,Industrial and Multi-ethnic,8a1
E08000006,Urban Settlements,8,Manufacturing Traits,8a,Industrial and Multi-ethnic,8a1
E08000007,Town and Country Living,7,Town Living,7c,Prosperous Towns,7c2
E08000008,Urban Settlements,8,Manufacturing Traits,8a,Urban Living,8a2
E08000009,Urban Settlements,8,Suburban Traits,8b,City Periphery,8b1
E08000010,Services and Industrial Legacy,6,"Services, Manufacturing and Mining Legacy",6a,Manufacturing Legacy,6a1
E07000117,Urban Settlements,8,Manufacturing Traits,8a,Urban Living,8a2
E07000118,Town and Country Living,7,Town Living,7c,Prosperous Towns,7c2
E07000119,Countryside Living,3,English and Welsh Countryside,3a,Older Farming Communities,3a1
E07000120,Urban Settlements,8,Manufacturing Traits,8a,Urban Living,8a2
E07000121,"Business, Education and Heritage Centres",2,Larger Towns and Cities,2a,Larger Towns and Cities,2a1
E07000122,Urban Settlements,8,Manufacturing Traits,8a,Urban Living,8a2
E07000123,"Business, Education and Heritage Centres",2,Larger Towns and Cities,2a,Larger Towns and Cities,2a1
E07000124,Countryside Living,3,English and Welsh Countryside,3a,Older Farming Communities,3a1
E07000125,Services and Industrial Legacy,6,"Services, Manufacturing and Mining Legacy",6a,Manufacturing Legacy,6a1
E07000126,Town and Country Living,7,Town Living,7c,Prosperous Towns,7c2
E07000127,Town and Country Living,7,Town Living,7c,Prosperous Towns,7c2
E07000128,Countryside Living,3,English and Welsh Countryside,3a,Sparse English and Welsh Countryside,3a2
E08000011,Services and Industrial Legacy,6,"Services, Manufacturing and Mining Legacy",6a,Mining Legacy,6a2
E08000012,"Business, Education and Heritage Centres",2,Larger Towns and Cities,2a,Larger Towns and Cities,2a1
E08000014,Services and Industrial Legacy,6,"Services, Manufacturing and Mining Legacy",6a,Service Economy,6a3
E08000013,Services and Industrial Legacy,6,"Services, Manufacturing and Mining Legacy",6a,Manufacturing Legacy,6a1
E08000015,Services and Industrial Legacy,6,"Services, Manufacturing and Mining Legacy",6a,Service Economy,6a3
E06000011,Countryside Living,3,English and Welsh Countryside,3a,Sparse English and Welsh Countryside,3a2
E06000010,Urban Settlements,8,Manufacturing Traits,8a,Industrial and Multi-ethnic,8a1
E06000012,Services and Industrial Legacy,6,"Services, Manufacturing and Mining Legacy",6a,Manufacturing Legacy,6a1
E06000013,Town and Country Living,7,Country Living,7a,Country Living,7a1
E06000014,"Business, Education and Heritage Centres",2,Larger Towns and Cities,2a,Larger Towns and Cities,2a1
E07000163,Countryside Living,3,English and Welsh Countryside,3a,Older Farming Communities,3a1
E07000164,Countryside Living,3,English and Welsh Countryside,3a,Sparse English and Welsh Countryside,3a2
E07000165,Countryside Living,3,English and Welsh Countryside,3a,Older Farming Communities,3a1
E07000166,Countryside Living,3,English and Welsh Countryside,3a,Sparse English and Welsh Countryside,3a2
E07000167,Countryside Living,3,English and Welsh Countryside,3a,Older Farming Communities,3a1
E07000168,Countryside Living,3,Remoter Coastal Living,3b,Ageing Coastal Living,3b1
E07000169,Town and Country Living,7,Country Living,7a,Country Living,7a1
E08000016,Services and Industrial Legacy,6,"Services, Manufacturing and Mining Legacy",6a,Manufacturing Legacy,6a1
E08000017,Services and Industrial Legacy,6,"Services, Manufacturing and Mining Legacy",6a,Manufacturing Legacy,6a1
E08000018,Services and Industrial Legacy,6,"Services, Manufacturing and Mining Legacy",6a,Manufacturing Legacy,6a1
E08000019,"Business, Education and Heritage Centres",2,Larger Towns and Cities,2a,Larger Towns and Cities,2a1
E08000032,Urban Settlements,8,Manufacturing Traits,8a,Industrial and Multi-ethnic,8a1
E08000033,Urban Settlements,8,Manufacturing Traits,8a,Urban Living,8a2
E08000034,Urban Settlements,8,Manufacturing Traits,8a,Industrial and Multi-ethnic,8a1
E08000035,"Business, Education and Heritage Centres",2,Larger Towns and Cities,2a,Larger Towns and Cities,2a1
E08000036,Services and Industrial Legacy,6,"Services, Manufacturing and Mining Legacy",6a,Manufacturing Legacy,6a1
E06000015,Urban Settlements,8,Manufacturing Traits,8a,Industrial and Multi-ethnic,8a1
E06000016,Ethnically Diverse Metropolitan Living,4,Ethnically Diverse Metropolitan  Living,4a,Ethnically Diverse Metropolitan  Living,4a1
E06000018,"Business, Education and Heritage Centres",2,University Towns and Cities,2b,University Towns and Cities,2b1
E06000017,Countryside Living,3,English and Welsh Countryside,3a,Older Farming Communities,3a1
E07000032,Town and Country Living,7,Country Living,7a,Country Living,7a1
E07000033,Services and Industrial Legacy,6,"Services, Manufacturing and Mining Legacy",6a,Manufacturing Legacy,6a1
E07000034,Services and Industrial Legacy,6,"Services, Manufacturing and Mining Legacy",6a,Manufacturing Legacy,6a1
E07000035,Countryside Living,3,English and Welsh Countryside,3a,Older Farming Communities,3a1
E07000036,Town and Country Living,7,Country Living,7a,Country Living,7a1
E07000037,Town and Country Living,7,Town Living,7c,Prosperous Towns,7c2
E07000038,Town and Country Living,7,Town Living,7c,Prosperous Semi-rural,7c1
E07000039,Town and Country Living,7,Country Living,7a,Country Living,7a1
E07000129,Town and Country Living,7,Town Living,7c,Prosperous Towns,7c2
E07000130,Town and Country Living,7,Town Living,7c,Prosperous Towns,7c2
E07000131,Town and Country Living,7,Country Living,7a,Country Living,7a1
E07000132,Town and Country Living,7,Country Living,7a,Country Living,7a1
E07000133,Town and Country Living,7,Country Living,7a,Country Living,7a1
E07000134,Town and Country Living,7,Country Living,7a,Country Living,7a1
E07000135,Town and Country Living,7,Town Living,7c,Prosperous Towns,7c2
E07000136,Urban Settlements,8,Manufacturing Traits,8a,Urban Living,8a2
E07000137,Countryside Living,3,Remoter Coastal Living,3b,Ageing Coastal Living,3b1
E07000138,"Business, Education and Heritage Centres",2,Larger Towns and Cities,2a,Larger Towns and Cities,2a1
E07000139,Countryside Living,3,English and Welsh Countryside,3a,Sparse English and Welsh Countryside,3a2
E07000140,Town and Country Living,7,Country Living,7a,Country Living,7a1
E07000141,Town and Country Living,7,Country Living,7a,Country Living,7a1
E07000142,Countryside Living,3,English and Welsh Countryside,3a,Sparse English and Welsh Countryside,3a2
E07000150,Urban Settlements,8,Suburban Traits,8b,Expanding Areas,8b2
E07000151,Town and Country Living,7,Country Living,7a,Country Living,7a1
E07000152,Town and Country Living,7,Country Living,7a,Country Living,7a1
E07000153,Urban Settlements,8,Manufacturing Traits,8a,Urban Living,8a2
E07000154,Urban Settlements,8,Suburban Traits,8b,Expanding Areas,8b2
E07000155,Town and Country Living,7,Country Living,7a,Country Living,7a1
E07000156,Urban Settlements,8,Suburban Traits,8b,Expanding Areas,8b2
E07000170,Services and Industrial Legacy,6,"Services, Manufacturing and Mining Legacy",6a,Manufacturing Legacy,6a1
E07000171,Town and Country Living,7,Country Living,7a,Country Living,7a1
E07000172,Town and Country Living,7,Town Living,7c,Prosperous Towns,7c2
E07000173,Town and Country Living,7,Town Living,7c,Prosperous Towns,7c2
E07000174,Services and Industrial Legacy,6,"Services, Manufacturing and Mining Legacy",6a,Manufacturing Legacy,6a1
E07000175,Town and Country Living,7,Country Living,7a,Country Living,7a1
E07000176,Affluent England,1,Thriving Rural,1b,Affluent rural,1b1
E06000019,Countryside Living,3,English and Welsh Countryside,3a,Sparse English and Welsh Countryside,3a2
E06000051,Countryside Living,3,English and Welsh Countryside,3a,Sparse English and Welsh Countryside,3a2
E06000021,Urban Settlements,8,Manufacturing Traits,8a,Industrial and Multi-ethnic,8a1
E06000020,Urban Settlements,8,Manufacturing Traits,8a,Urban Living,8a2
E07000192,Services and Industrial Legacy,6,"Services, Manufacturing and Mining Legacy",6a,Manufacturing Legacy,6a1
E07000193,Town and Country Living,7,Country Living,7a,Country Living,7a1
E07000194,Town and Country Living,7,Town Living,7c,Prosperous Towns,7c2
E07000195,Town and Country Living,7,Town Living,7c,Prosperous Towns,7c2
E07000196,Town and Country Living,7,Town Living,7c,Prosperous Semi-rural,7c1
E07000197,Town and Country Living,7,Town Living,7c,Prosperous Towns,7c2
E07000198,Town and Country Living,7,Country Living,7a,Country Living,7a1
E07000199,Services and Industrial Legacy,6,"Services, Manufacturing and Mining Legacy",6a,Manufacturing Legacy,6a1
E07000218,Town and Country Living,7,Country Living,7a,Country Living,7a1
E07000219,Urban Settlements,8,Manufacturing Traits,8a,Urban Living,8a2
E07000220,Urban Settlements,8,Suburban Traits,8b,Expanding Areas,8b2
E07000221,Countryside Living,3,English and Welsh Countryside,3a,Older Farming Communities,3a1
E07000222,"Business, Education and Heritage Centres",2,Larger Towns and Cities,2a,Larger Towns and Cities,2a1
E08000025,Ethnically Diverse Metropolitan Living,4,Ethnically Diverse Metropolitan  Living,4a,Ethnically Diverse Metropolitan  Living,4a1
E08000026,"Business, Education and Heritage Centres",2,Larger Towns and Cities,2a,Larger Towns and Cities,2a1
E08000027,Services and Industrial Legacy,6,"Services, Manufacturing and Mining Legacy",6a,Manufacturing Legacy,6a1
E08000028,Urban Settlements,8,Manufacturing Traits,8a,Industrial and Multi-ethnic,8a1
E08000029,Town and Country Living,7,Town Living,7c,Prosperous Towns,7c2
E08000030,Urban Settlements,8,Manufacturing Traits,8a,Industrial and Multi-ethnic,8a1
E08000031,Urban Settlements,8,Manufacturing Traits,8a,Industrial and Multi-ethnic,8a1
E07000234,Town and Country Living,7,Town Living,7c,Prosperous Semi-rural,7c1
E07000235,Countryside Living,3,English and Welsh Countryside,3a,Older Farming Communities,3a1
E07000236,Urban Settlements,8,Manufacturing Traits,8a,Urban Living,8a2
E07000237,Urban Settlements,8,Manufacturing Traits,8a,Urban Living,8a2
E07000238,Town and Country Living,7,Country Living,7a,Country Living,7a1
E07000239,Town and Country Living,7,Country Living,7a,Country Living,7a1
E06000055,Urban Settlements,8,Suburban Traits,8b,Expanding Areas,8b2
E06000056,Affluent England,1,Thriving Rural,1b,Rural Growth Areas,1b2
E06000032,Ethnically Diverse Metropolitan Living,4,Ethnically Diverse Metropolitan  Living,4a,Ethnically Diverse Metropolitan  Living,4a1
E06000031,Urban Settlements,8,Suburban Traits,8b,Expanding Areas,8b2
E06000033,Urban Settlements,8,Manufacturing Traits,8a,Urban Living,8a2
E06000034,Urban Settlements,8,Suburban Traits,8b,City Periphery,8b1
E07000008,"Business, Education and Heritage Centres",2,University Towns and Cities,2b,University Towns and Cities,2b1
E07000009,Town and Country Living,7,Country Living,7a,Country Living,7a1
E07000010,Town and Country Living,7,Country Living,7a,Country Living,7a1
E07000011,Town and Country Living,7,Country Living,7a,Country Living,7a1
E07000012,Affluent England,1,Thriving Rural,1b,Affluent rural,1b1
E07000066,Urban Settlements,8,Suburban Traits,8b,City Periphery,8b1
E07000067,Town and Country Living,7,Country Living,7a,Country Living,7a1
E07000068,Affluent England,1,Thriving Rural,1b,Rural Growth Areas,1b2
E07000069,Town and Country Living,7,Town Living,7c,Prosperous Semi-rural,7c1
E07000070,Affluent England,1,Thriving Rural,1b,Rural Growth Areas,1b2
E07000071,Affluent England,1,Thriving Rural,1b,Rural Growth Areas,1b2
E07000072,Affluent England,1,Thriving Rural,1b,Rural Growth Areas,1b2
E07000073,Urban Settlements,8,Suburban Traits,8b,City Periphery,8b1
E07000074,Town and Country Living,7,Country Living,7a,Country Living,7a1
E07000075,Town and Country Living,7,Town Living,7c,Prosperous Semi-rural,7c1
E07000076,Countryside Living,3,Remoter Coastal Living,3b,Ageing Coastal Living,3b1
E07000077,Affluent England,1,Thriving Rural,1b,Rural Growth Areas,1b2
E07000095,Urban Settlements,8,Suburban Traits,8b,City Periphery,8b1
E07000096,Affluent England,1,Thriving Rural,1b,Rural Growth Areas,1b2
E07000242,Affluent England,1,Thriving Rural,1b,Rural Growth Areas,1b2
E07000098,Affluent England,1,Rural-Urban Fringe,1a,Rural-Urban Fringe,1a1
E07000099,Affluent England,1,Thriving Rural,1b,Rural Growth Areas,1b2
E07000240,Affluent England,1,Rural-Urban Fringe,1a,Rural-Urban Fringe,1a1
E07000243,Urban Settlements,8,Suburban Traits,8b,City Periphery,8b1
E07000102,Affluent England,1,Rural-Urban Fringe,1a,Rural-Urban Fringe,1a1
E07000103,Urban Settlements,8,Suburban Traits,8b,Expanding Areas,8b2
E07000241,"Business, Education and Heritage Centres",2,Larger Towns and Cities,2a,Larger Towns and Cities,2a1
E07000143,Countryside Living,3,English and Welsh Countryside,3a,Sparse English and Welsh Countryside,3a2
E07000144,Town and Country Living,7,Country Living,7a,Country Living,7a1
E07000145,Countryside Living,3,Remoter Coastal Living,3b,Seaside Living,3b2
E07000146,Countryside Living,3,English and Welsh Countryside,3a,Sparse English and Welsh Countryside,3a2
E07000147,Countryside Living,3,Remoter Coastal Living,3b,Ageing Coastal Living,3b1
E07000148,"Business, Education and Heritage Centres",2,Larger Towns and Cities,2a,Larger Towns and Cities,2a1
E07000149,Town and Country Living,7,Country Living,7a,Country Living,7a1
E07000200,Town and Country Living,7,Country Living,7a,Country Living,7a1
E07000201,Affluent England,1,Rural-Urban Fringe,1a,Rural-Urban Fringe,1a1
E07000202,Urban Settlements,8,Manufacturing Traits,8a,Industrial and Multi-ethnic,8a1
E07000203,Town and Country Living,7,Country Living,7a,Country Living,7a1
E07000204,Town and Country Living,7,Country Living,7a,Country Living,7a1
E07000205,Countryside Living,3,English and Welsh Countryside,3a,Sparse English and Welsh Countryside,3a2
E07000206,Countryside Living,3,Remoter Coastal Living,3b,Ageing Coastal Living,3b1
E09000002,Ethnically Diverse Metropolitan Living,4,Ethnically Diverse Metropolitan  Living,4a,Ethnically Diverse Metropolitan  Living,4a1
E09000003,Ethnically Diverse Metropolitan Living,4,Ethnically Diverse Metropolitan  Living,4a,Ethnically Diverse Metropolitan  Living,4a1
E09000004,Urban Settlements,8,Suburban Traits,8b,City Periphery,8b1
E09000005,Ethnically Diverse Metropolitan Living,4,Ethnically Diverse Metropolitan  Living,4a,Ethnically Diverse Metropolitan  Living,4a1
E09000006,Affluent England,1,Rural-Urban Fringe,1a,Rural-Urban Fringe,1a1
E09000007,London Cosmopolitan,5,London Cosmopolitan,5a,London Cosmopolitan,5a1
E09000001/E09000033,London Cosmopolitan,5,London Cosmopolitan,5a,London Cosmopolitan,5a1
E09000008,Ethnically Diverse Metropolitan Living,4,Ethnically Diverse Metropolitan  Living,4a,Ethnically Diverse Metropolitan  Living,4a1
E09000009,Ethnically Diverse Metropolitan Living,4,Ethnically Diverse Metropolitan  Living,4a,Ethnically Diverse Metropolitan  Living,4a1
E09000010,Ethnically Diverse Metropolitan Living,4,Ethnically Diverse Metropolitan  Living,4a,Ethnically Diverse Metropolitan  Living,4a1
E09000011,Ethnically Diverse Metropolitan Living,4,Ethnically Diverse Metropolitan  Living,4a,Ethnically Diverse Metropolitan  Living,4a1
E09000012,London Cosmopolitan,5,London Cosmopolitan,5a,London Cosmopolitan,5a1
E09000013,London Cosmopolitan,5,London Cosmopolitan,5a,London Cosmopolitan,5a1
E09000014,London Cosmopolitan,5,London Cosmopolitan,5a,London Cosmopolitan,5a1
E09000015,Ethnically Diverse Metropolitan Living,4,Ethnically Diverse Metropolitan  Living,4a,Ethnically Diverse Metropolitan  Living,4a1
E09000016,Urban Settlements,8,Suburban Traits,8b,City Periphery,8b1
E09000017,Ethnically Diverse Metropolitan Living,4,Ethnically Diverse Metropolitan  Living,4a,Ethnically Diverse Metropolitan  Living,4a1
E09000018,Ethnically Diverse Metropolitan Living,4,Ethnically Diverse Metropolitan  Living,4a,Ethnically Diverse Metropolitan  Living,4a1
E09000019,London Cosmopolitan,5,London Cosmopolitan,5a,London Cosmopolitan,5a1
E09000020,London Cosmopolitan,5,London Cosmopolitan,5a,London Cosmopolitan,5a1
E09000021,"Business, Education and Heritage Centres",2,University Towns and Cities,2b,University Towns and Cities,2b1
E09000022,London Cosmopolitan,5,London Cosmopolitan,5a,London Cosmopolitan,5a1
E09000023,Ethnically Diverse Metropolitan Living,4,Ethnically Diverse Metropolitan  Living,4a,Ethnically Diverse Metropolitan  Living,4a1
E09000024,Ethnically Diverse Metropolitan Living,4,Ethnically Diverse Metropolitan  Living,4a,Ethnically Diverse Metropolitan  Living,4a1
E09000025,Ethnically Diverse Metropolitan Living,4,Ethnically Diverse Metropolitan  Living,4a,Ethnically Diverse Metropolitan  Living,4a1
E09000026,Ethnically Diverse Metropolitan Living,4,Ethnically Diverse Metropolitan  Living,4a,Ethnically Diverse Metropolitan  Living,4a1
E09000027,Affluent England,1,Rural-Urban Fringe,1a,Rural-Urban Fringe,1a1
E09000028,London Cosmopolitan,5,London Cosmopolitan,5a,London Cosmopolitan,5a1
E09000029,Urban Settlements,8,Suburban Traits,8b,City Periphery,8b1
E09000030,London Cosmopolitan,5,London Cosmopolitan,5a,London Cosmopolitan,5a1
E09000031,Ethnically Diverse Metropolitan Living,4,Ethnically Diverse Metropolitan  Living,4a,Ethnically Diverse Metropolitan  Living,4a1
E09000032,London Cosmopolitan,5,London Cosmopolitan,5a,London Cosmopolitan,5a1
E06000036,Affluent England,1,Rural-Urban Fringe,1a,Rural-Urban Fringe,1a1
E06000043,"Business, Education and Heritage Centres",2,University Towns and Cities,2b,University Towns and Cities,2b1
E06000046,Countryside Living,3,Remoter Coastal Living,3b,Ageing Coastal Living,3b1
E06000035,Urban Settlements,8,Suburban Traits,8b,City Periphery,8b1
E06000042,Urban Settlements,8,Suburban Traits,8b,Expanding Areas,8b2
E06000044,"Business, Education and Heritage Centres",2,Larger Towns and Cities,2a,Larger Towns and Cities,2a1
E06000038,"Business, Education and Heritage Centres",2,University Towns and Cities,2b,University Towns and Cities,2b1
E06000039,Ethnically Diverse Metropolitan Living,4,Ethnically Diverse Metropolitan  Living,4a,Ethnically Diverse Metropolitan  Living,4a1
E06000045,"Business, Education and Heritage Centres",2,Larger Towns and Cities,2a,Larger Towns and Cities,2a1
E06000037,Affluent England,1,Thriving Rural,1b,Rural Growth Areas,1b2
E06000040,Affluent England,1,Rural-Urban Fringe,1a,Rural-Urban Fringe,1a1
E06000041,Affluent England,1,Thriving Rural,1b,Affluent rural,1b1
E07000004,Affluent England,1,Thriving Rural,1b,Rural Growth Areas,1b2
E07000005,Affluent England,1,Thriving Rural,1b,Affluent rural,1b1
E07000006,Affluent England,1,Rural-Urban Fringe,1a,Rural-Urban Fringe,1a1
E07000007,Affluent England,1,Rural-Urban Fringe,1a,Rural-Urban Fringe,1a1
E07000061,"Business, Education and Heritage Centres",2,Larger Towns and Cities,2a,Larger Towns and Cities,2a1
E07000062,Urban Settlements,8,Manufacturing Traits,8a,Urban Living,8a2
E07000063,Countryside Living,3,Remoter Coastal Living,3b,Ageing Coastal Living,3b1
E07000064,Countryside Living,3,Remoter Coastal Living,3b,Ageing Coastal Living,3b1
E07000065,Countryside Living,3,English and Welsh Countryside,3a,Older Farming Communities,3a1
E07000084,Affluent England,1,Thriving Rural,1b,Rural Growth Areas,1b2
E07000085,Affluent England,1,Thriving Rural,1b,Affluent rural,1b1
E07000086,Town and Country Living,7,Town Living,7c,Prosperous Towns,7c2
E07000087,Town and Country Living,7,Town Living,7c,Prosperous Towns,7c2
E07000088,Services and Industrial Legacy,6,"Services, Manufacturing and Mining Legacy",6a,Service Economy,6a3
E07000089,Affluent England,1,Thriving Rural,1b,Affluent rural,1b1
E07000090,Services and Industrial Legacy,6,"Services, Manufacturing and Mining Legacy",6a,Manufacturing Legacy,6a1
E07000091,Countryside Living,3,Remoter Coastal Living,3b,Ageing Coastal Living,3b1
E07000092,Urban Settlements,8,Suburban Traits,8b,Expanding Areas,8b2
E07000093,Affluent England,1,Thriving Rural,1b,Rural Growth Areas,1b2
E07000094,Affluent England,1,Thriving Rural,1b,Affluent rural,1b1
E07000105,Town and Country Living,7,Country Living,7a,Country Living,7a1
E07000106,"Business, Education and Heritage Centres",2,Larger Towns and Cities,2a,Larger Towns and Cities,2a1
E07000107,Urban Settlements,8,Suburban Traits,8b,City Periphery,8b1
E07000108,Countryside Living,3,Remoter Coastal Living,3b,Seaside Living,3b2
E07000109,Urban Settlements,8,Suburban Traits,8b,City Periphery,8b1
E07000110,Affluent England,1,Thriving Rural,1b,Rural Growth Areas,1b2
E07000111,Affluent England,1,Thriving Rural,1b,Rural Growth Areas,1b2
E07000112,Countryside Living,3,Remoter Coastal Living,3b,Seaside Living,3b2
E07000113,Town and Country Living,7,Country Living,7a,Country Living,7a1
E07000114,Countryside Living,3,Remoter Coastal Living,3b,Seaside Living,3b2
E07000115,Affluent England,1,Thriving Rural,1b,Rural Growth Areas,1b2
E07000116,Affluent England,1,Thriving Rural,1b,Rural Growth Areas,1b2
E07000177,Affluent England,1,Thriving Rural,1b,Rural Growth Areas,1b2
E07000178,"Business, Education and Heritage Centres",2,University Towns and Cities,2b,University Towns and Cities,2b1
E07000179,Affluent England,1,Thriving Rural,1b,Affluent rural,1b1
E07000180,Affluent England,1,Thriving Rural,1b,Affluent rural,1b1
E07000181,Affluent England,1,Thriving Rural,1b,Affluent rural,1b1
E07000207,Affluent England,1,Rural-Urban Fringe,1a,Rural-Urban Fringe,1a1
E07000208,Affluent England,1,Rural-Urban Fringe,1a,Rural-Urban Fringe,1a1
E07000209,Affluent England,1,Rural-Urban Fringe,1a,Rural-Urban Fringe,1a1
E07000210,Affluent England,1,Thriving Rural,1b,Affluent rural,1b1
E07000211,Affluent England,1,Rural-Urban Fringe,1a,Rural-Urban Fringe,1a1
E07000212,Affluent England,1,Rural-Urban Fringe,1a,Rural-Urban Fringe,1a1
E07000213,Affluent England,1,Rural-Urban Fringe,1a,Rural-Urban Fringe,1a1
E07000214,Affluent England,1,Rural-Urban Fringe,1a,Rural-Urban Fringe,1a1
E07000215,Affluent England,1,Thriving Rural,1b,Rural Growth Areas,1b2
E07000216,Affluent England,1,Thriving Rural,1b,Affluent rural,1b1
E07000217,Affluent England,1,Rural-Urban Fringe,1a,Rural-Urban Fringe,1a1
E07000223,Town and Country Living,7,Town Living,7c,Prosperous Towns,7c2
E07000224,Countryside Living,3,Remoter Coastal Living,3b,Ageing Coastal Living,3b1
E07000225,Countryside Living,3,English and Welsh Countryside,3a,Older Farming Communities,3a1
E07000226,Urban Settlements,8,Suburban Traits,8b,Expanding Areas,8b2
E07000227,Affluent England,1,Thriving Rural,1b,Rural Growth Areas,1b2
E07000228,Affluent England,1,Thriving Rural,1b,Rural Growth Areas,1b2
E07000229,Urban Settlements,8,Manufacturing Traits,8a,Urban Living,8a2
E06000022,"Business, Education and Heritage Centres",2,Larger Towns and Cities,2a,Larger Towns and Cities,2a1
E06000028,"Business, Education and Heritage Centres",2,Larger Towns and Cities,2a,Larger Towns and Cities,2a1
E06000023,"Business, Education and Heritage Centres",2,Larger Towns and Cities,2a,Larger Towns and Cities,2a1
E06000024,Countryside Living,3,English and Welsh Countryside,3a,Sparse English and Welsh Countryside,3a2
E06000026,"Business, Education and Heritage Centres",2,Larger Towns and Cities,2a,Larger Towns and Cities,2a1
E06000029,Town and Country Living,7,Town Living,7c,Prosperous Towns,7c2
E06000025,Town and Country Living,7,Town Living,7c,Prosperous Towns,7c2
E06000030,Urban Settlements,8,Suburban Traits,8b,Expanding Areas,8b2
E06000027,Countryside Living,3,Remoter Coastal Living,3b,Seaside Living,3b2
E06000054,Town and Country Living,7,Country Living,7a,Country Living,7a1
E07000040,Countryside Living,3,Remoter Coastal Living,3b,Ageing Coastal Living,3b1
E07000041,"Business, Education and Heritage Centres",2,Larger Towns and Cities,2a,Larger Towns and Cities,2a1
E07000042,Countryside Living,3,English and Welsh Countryside,3a,Sparse English and Welsh Countryside,3a2
E07000043,Countryside Living,3,Remoter Coastal Living,3b,Ageing Coastal Living,3b1
E07000044,Countryside Living,3,English and Welsh Countryside,3a,Older Farming Communities,3a1
E07000045,Countryside Living,3,Remoter Coastal Living,3b,Ageing Coastal Living,3b1
E07000046,Countryside Living,3,English and Welsh Countryside,3a,Older Farming Communities,3a1
E07000047,Countryside Living,3,English and Welsh Countryside,3a,Older Farming Communities,3a1
E07000048,Countryside Living,3,Remoter Coastal Living,3b,Ageing Coastal Living,3b1
E07000049,Countryside Living,3,English and Welsh Countryside,3a,Older Farming Communities,3a1
E07000050,Countryside Living,3,English and Welsh Countryside,3a,Sparse English and Welsh Countryside,3a2
E07000051,Countryside Living,3,English and Welsh Countryside,3a,Older Farming Communities,3a1
E07000052,Countryside Living,3,English and Welsh Countryside,3a,Older Farming Communities,3a1
E07000053,Countryside Living,3,Remoter Coastal Living,3b,Seaside Living,3b2
E07000078,"Business, Education and Heritage Centres",2,Larger Towns and Cities,2a,Larger Towns and Cities,2a1
E07000079,Countryside Living,3,English and Welsh Countryside,3a,Older Farming Communities,3a1
E07000080,Town and Country Living,7,Country Living,7a,Country Living,7a1
E07000081,Urban Settlements,8,Manufacturing Traits,8a,Urban Living,8a2
E07000082,Town and Country Living,7,Country Living,7a,Country Living,7a1
E07000083,Town and Country Living,7,Country Living,7a,Country Living,7a1
E07000187,Countryside Living,3,English and Welsh Countryside,3a,Older Farming Communities,3a1
E07000188,Countryside Living,3,English and Welsh Countryside,3a,Sparse English and Welsh Countryside,3a2
E07000189,Countryside Living,3,English and Welsh Countryside,3a,Sparse English and Welsh Countryside,3a2
E07000190,Countryside Living,3,English and Welsh Countryside,3a,Sparse English and Welsh Countryside,3a2
E07000191,Countryside Living,3,Remoter Coastal Living,3b,Ageing Coastal Living,3b1
W06000001,Countryside Living,3,English and Welsh Countryside,3a,Sparse English and Welsh Countryside,3a2
W06000002,Countryside Living,3,English and Welsh Countryside,3a,Sparse English and Welsh Countryside,3a2
W06000003,Countryside Living,3,Remoter Coastal Living,3b,Ageing Coastal Living,3b1
W06000004,Countryside Living,3,English and Welsh Countryside,3a,Sparse English and Welsh Countryside,3a2
W06000005,Town and Country Living,7,Country Living,7a,Country Living,7a1
W06000006,Services and Industrial Legacy,6,"Services, Manufacturing and Mining Legacy",6a,Manufacturing Legacy,6a1
W06000008,Countryside Living,3,English and Welsh Countryside,3a,Older Farming Communities,3a1
W06000009,Countryside Living,3,English and Welsh Countryside,3a,Sparse English and Welsh Countryside,3a2
W06000010,Countryside Living,3,English and Welsh Countryside,3a,Sparse English and Welsh Countryside,3a2
W06000011,Services and Industrial Legacy,6,"Services, Manufacturing and Mining Legacy",6a,Service Economy,6a3
W06000012,Services and Industrial Legacy,6,"Services, Manufacturing and Mining Legacy",6a,Mining Legacy,6a2
W06000013,Services and Industrial Legacy,6,"Services, Manufacturing and Mining Legacy",6a,Mining Legacy,6a2
W06000014,Town and Country Living,7,Town Living,7c,Prosperous Towns,7c2
W06000015,"Business, Education and Heritage Centres",2,Larger Towns and Cities,2a,Larger Towns and Cities,2a1
W06000016,Services and Industrial Legacy,6,"Services, Manufacturing and Mining Legacy",6a,Mining Legacy,6a2
W06000018,Services and Industrial Legacy,6,"Services, Manufacturing and Mining Legacy",6a,Mining Legacy,6a2
W06000019,Services and Industrial Legacy,6,"Services, Manufacturing and Mining Legacy",6a,Mining Legacy,6a2
W06000020,Services and Industrial Legacy,6,"Services, Manufacturing and Mining Legacy",6a,Mining Legacy,6a2
W06000021,Countryside Living,3,English and Welsh Countryside,3a,Sparse English and Welsh Countryside,3a2
W06000022,Urban Settlements,8,Manufacturing Traits,8a,Industrial and Multi-ethnic,8a1
W06000023,Countryside Living,3,English and Welsh Countryside,3a,Sparse English and Welsh Countryside,3a2
W06000024,Services and Industrial Legacy,6,"Services, Manufacturing and Mining Legacy",6a,Mining Legacy,6a2
S12000033,"Business, Education and Heritage Centres",2,Larger Towns and Cities,2a,Larger Towns and Cities,2a1
S12000034,Town and Country Living,7,Country Living,7a,Country Living,7a1
S12000041,Countryside Living,3,Scottish Countryside,3c,Scottish Countryside,3c1
S12000035,Countryside Living,3,Scottish Countryside,3c,Scottish Countryside,3c1
S12000036,"Business, Education and Heritage Centres",2,Larger Towns and Cities,2a,Larger Towns and Cities,2a1
S12000005,Services and Industrial Legacy,6,Scottish Industrial Heritage,6b,Scottish Industrial Legacy,6b1
S12000006,Countryside Living,3,Scottish Countryside,3c,Scottish Countryside,3c1
S12000042,"Business, Education and Heritage Centres",2,Larger Towns and Cities,2a,Larger Towns and Cities,2a1
S12000008,Services and Industrial Legacy,6,Scottish Industrial Heritage,6b,Scottish Industrial Legacy,6b1
S12000045,Town and Country Living,7,Town Living,7c,Prosperous Semi-rural,7c1
S12000010,Services and Industrial Legacy,6,Scottish Industrial Heritage,6b,Scottish Industrial Legacy,6b1
S12000011,Town and Country Living,7,Town Living,7c,Prosperous Semi-rural,7c1
S12000014,Services and Industrial Legacy,6,Scottish Industrial Heritage,6b,Scottish Industrial Legacy,6b1
S12000047,Services and Industrial Legacy,6,Scottish Industrial Heritage,6b,Scottish Industrial Legacy,6b1
S12000049,"Business, Education and Heritage Centres",2,Larger Towns and Cities,2a,Larger Towns and Cities,2a1
S12000017,Countryside Living,3,Scottish Countryside,3c,Scottish Countryside,3c1
S12000018,Services and Industrial Legacy,6,Scottish Industrial Heritage,6b,Scottish Industrial Legacy,6b1
S12000019,Services and Industrial Legacy,6,Scottish Industrial Heritage,6b,Scottish Industrial Legacy,6b1
S12000020,Countryside Living,3,Scottish Countryside,3c,Scottish Countryside,3c1
S12000013,Countryside Living,3,Scottish Countryside,3c,Scottish Countryside,3c1
S12000021,Services and Industrial Legacy,6,Scottish Industrial Heritage,6b,Scottish Industrial Legacy,6b1
S12000050,Services and Industrial Legacy,6,Scottish Industrial Heritage,6b,Scottish Industrial Legacy,6b1
S12000023,Countryside Living,3,Scottish Countryside,3c,Scottish Countryside,3c1
S12000048,Countryside Living,3,Scottish Countryside,3c,Scottish Countryside,3c1
S12000038,Services and Industrial Legacy,6,Scottish Industrial Heritage,6b,Scottish Industrial Legacy,6b1
S12000026,Countryside Living,3,Scottish Countryside,3c,Scottish Countryside,3c1
S12000027,Town and Country Living,7,Country Living,7a,Country Living,7a1
S12000028,Countryside Living,3,Scottish Countryside,3c,Scottish Countryside,3c1
S12000029,Services and Industrial Legacy,6,Scottish Industrial Heritage,6b,Scottish Industrial Legacy,6b1
S12000030,Countryside Living,3,Scottish Countryside,3c,Scottish Countryside,3c1
S12000039,Services and Industrial Legacy,6,Scottish Industrial Heritage,6b,Scottish Industrial Legacy,6b1
S12000040,Services and Industrial Legacy,6,Scottish Industrial Heritage,6b,Scottish Industrial Legacy,6b1
N09000001,Town and Country Living,7,Northern Ireland Countryside,7b,Northern Ireland Countryside,7b1
N09000011,Town and Country Living,7,Town Living,7c,Prosperous Towns,7c2
N09000002,Town and Country Living,7,Northern Ireland Countryside,7b,Northern Ireland Countryside,7b1
N09000003,"Business, Education and Heritage Centres",2,Larger Towns and Cities,2a,Larger Towns and Cities,2a1
N09000004,Town and Country Living,7,Northern Ireland Countryside,7b,Northern Ireland Countryside,7b1
N09000005,Services and Industrial Legacy,6,"Services, Manufacturing and Mining Legacy",6a,Mining Legacy,6a2
N09000006,Town and Country Living,7,Northern Ireland Countryside,7b,Northern Ireland Countryside,7b1
N09000007,Town and Country Living,7,Northern Ireland Countryside,7b,Northern Ireland Countryside,7b1
N09000008,Town and Country Living,7,Northern Ireland Countryside,7b,Northern Ireland Countryside,7b1
N09000009,Town and Country Living,7,Northern Ireland Countryside,7b,Northern Ireland Countryside,7b1
N09000010,Town and Country Living,7,Northern Ireland Countryside,7b,Northern Ireland Countryside,7b1
E07000244,Countryside Living,3,English and Welsh Countryside,3a,Sparse English and Welsh Countryside,3a2
E07000245,Town and Country Living,7,Country Living,7a,Country Living,7a1
E07000246,Countryside Living,3,English and Welsh Countryside,3a,Sparse English and Welsh Countryside,3a2
E06000060,Affluent England,1,Thriving Rural,1b,Rural Growth Areas,1b2
E06000065,Countryside Living,3,English and Welsh Countryside,3a,Older Farming Communities,3a1
E06000066,Countryside Living,3,English and Welsh Countryside,3a,Sparse English and Welsh Countryside,3a2
E06000052,Countryside Living,3,Remoter Coastal Living,3b,Ageing Coastal Living,3b1
E06000053,Countryside Living,3,Remoter Coastal Living,3b,Ageing Coastal Living,3b1
DORSET_COMBINED,Countryside Living,2,English and Welsh Countryside,2a,Larger Towns and Cities,2a1
NORTHANTS_COMBINED,Urban Settlements,8,Manufacturing Traits,8a,Urban Living,8a2
CUMBRIA_COMBINED,Countryside Living,6,English and Welsh Countryside,6a,Manufacturing Legacy,6a1
